<?xml version="1.0" encoding="UTF-8"?><!DOCTYPE score-partwise PUBLIC "-//Recordare//DTD MusicXML 1.1 Partwise//EN"                                "http://www.musicxml.org/dtds/partwise.dtd"><score-partwise version="1.1">  <identification>    <encoding>      <software>Finale 2008 for Macintosh</software>      <software>Dolet Light for Finale 2008</software>      <encoding-date>2009-05-27</encoding-date>    </encoding>  </identification>  <defaults>    <scaling>      <millimeters>5.9267</millimeters>      <tenths>40</tenths>    </scaling>    <page-layout>      <page-height>1886</page-height>      <page-width>1457</page-width>      <page-margins type="both">        <left-margin>86</left-margin>        <right-margin>86</right-margin>        <top-margin>86</top-margin>        <bottom-margin>86</bottom-margin>      </page-margins>    </page-layout>    <system-layout>      <system-margins>        <left-margin>96</left-margin>        <right-margin>0</right-margin>      </system-margins>      <system-distance>153</system-distance>      <top-system-distance>137</top-system-distance>    </system-layout>    <staff-layout>      <staff-distance>80</staff-distance>    </staff-layout>    <music-font font-family="Maestro" font-size="16.8"/>    <word-font font-family="Times" font-size="7"/>  </defaults>  <credit>    <credit-words default-x="741" default-y="1785" font-family="Garamond 3 SC" font-size="9.8" justify="center" valign="top">BWV 321</credit-words>  </credit>  <credit>    <credit-words default-x="1113" default-y="1761" font-family="Helvetica" valign="top">PDF © 2004 Margaret Greentree
www.jsbchorales.net</credit-words>  </credit>  <part-list>    <part-group number="1" type="start">      <group-symbol default-x="-12">bracket</group-symbol>      <group-barline>yes</group-barline>    </part-group>    <score-part id="P1">      <part-name>Soprano</part-name>      <part-abbreviation>S.</part-abbreviation>      <score-instrument id="P1-I1">        <instrument-name>Instrument 1</instrument-name>      </score-instrument>      <midi-instrument id="P1-I1">        <midi-channel>1</midi-channel>        <midi-program>1</midi-program>      </midi-instrument>    </score-part>    <score-part id="P2">      <part-name>Alto</part-name>      <part-abbreviation>A.</part-abbreviation>      <score-instrument id="P2-I2">        <instrument-name>Instrument 2</instrument-name>      </score-instrument>      <midi-instrument id="P2-I2">        <midi-channel>2</midi-channel>        <midi-program>1</midi-program>      </midi-instrument>    </score-part>    <score-part id="P3">      <part-name>Tenor</part-name>      <part-abbreviation>T.</part-abbreviation>      <score-instrument id="P3-I3">        <instrument-name>Instrument 3</instrument-name>      </score-instrument>      <midi-instrument id="P3-I3">        <midi-channel>3</midi-channel>        <midi-program>1</midi-program>      </midi-instrument>    </score-part>    <score-part id="P4">      <part-name>Bass</part-name>      <part-abbreviation>B.</part-abbreviation>      <score-instrument id="P4-I4">        <instrument-name>Instrument 4</instrument-name>      </score-instrument>      <midi-instrument id="P4-I4">        <midi-channel>4</midi-channel>        <midi-program>1</midi-program>      </midi-instrument>    </score-part>    <part-group number="1" type="stop"/>  </part-list>  <!--=========================================================-->  <part id="P1">    <measure number="1" width="241">      <attributes>        <divisions>1</divisions>        <key>          <fifths>-2</fifths>          <mode>major</mode>        </key>        <time>          <beats>3</beats>          <beat-type>4</beat-type>        </time>        <clef>          <sign>G</sign>          <line>2</line>        </clef>      </attributes>      <sound tempo="92"/>      <note default-x="115">        <pitch>          <step>D</step>          <octave>5</octave>        </pitch>        <duration>1</duration>        <voice>1</voice>        <type>quarter</type>        <stem default-y="-45">down</stem>      </note>      <note default-x="157">        <pitch>          <step>B</step>          <alter>-1</alter>          <octave>4</octave>        </pitch>        <duration>1</duration>        <voice>1</voice>        <type>quarter</type>        <stem default-y="-55.5">down</stem>      </note>      <note default-x="198">        <pitch>          <step>D</step>          <octave>5</octave>        </pitch>        <duration>1</duration>        <voice>1</voice>        <type>quarter</type>        <stem default-y="-45">down</stem>      </note>    </measure>    <!--=======================================================-->    <measure number="2" width="135">      <note default-x="13">        <pitch>          <step>E</step>          <alter>-1</alter>          <octave>5</octave>        </pitch>        <duration>2</duration>        <voice>1</voice>        <type>half</type>        <stem default-y="-40">down</stem>      </note>      <note default-x="94">        <pitch>          <step>D</step>          <octave>5</octave>        </pitch>        <duration>1</duration>        <voice>1</voice>        <type>quarter</type>        <stem default-y="-45">down</stem>      </note>    </measure>    <!--=======================================================-->    <measure number="3" width="135">      <note default-x="21">        <pitch>          <step>C</step>          <octave>5</octave>        </pitch>        <duration>2</duration>        <voice>1</voice>        <type>half</type>        <stem default-y="-50">down</stem>      </note>      <note default-x="87">        <pitch>          <step>B</step>          <alter>-1</alter>          <octave>4</octave>        </pitch>        <duration>1</duration>        <voice>1</voice>        <type>quarter</type>        <stem default-y="-55.5">down</stem>      </note>    </measure>    <!--=======================================================-->    <measure number="4" width="135">      <note default-x="13">        <pitch>          <step>C</step>          <octave>5</octave>        </pitch>        <duration>2</duration>        <voice>1</voice>        <type>half</type>        <stem default-y="-50">down</stem>      </note>      <note default-x="88">        <pitch>          <step>C</step>          <octave>5</octave>        </pitch>        <duration>1</duration>        <voice>1</voice>        <type>quarter</type>        <stem default-y="-50">down</stem>        <notations>          <fermata default-y="16" type="upright"/>        </notations>      </note>    </measure>    <!--=======================================================-->    <measure number="5" width="178">      <note default-x="12">        <pitch>          <step>D</step>          <octave>5</octave>        </pitch>        <duration>1</duration>        <voice>1</voice>        <type>quarter</type>        <stem default-y="-45">down</stem>      </note>      <note default-x="60">        <pitch>          <step>D</step>          <octave>5</octave>        </pitch>        <duration>1</duration>        <voice>1</voice>        <type>quarter</type>        <stem default-y="-45">down</stem>      </note>      <note default-x="119">        <pitch>          <step>D</step>          <octave>5</octave>        </pitch>        <duration>1</duration>        <voice>1</voice>        <type>quarter</type>        <stem default-y="-45">down</stem>      </note>    </measure>    <!--=======================================================-->    <measure number="6" width="122">      <note default-x="22">        <pitch>          <step>G</step>          <octave>4</octave>        </pitch>        <duration>2</duration>        <voice>1</voice>        <type>half</type>        <stem default-y="5">up</stem>      </note>      <note default-x="88">        <pitch>          <step>A</step>          <octave>4</octave>        </pitch>        <duration>1</duration>        <voice>1</voice>        <type>quarter</type>        <stem default-y="10.5">up</stem>      </note>    </measure>    <!--=======================================================-->    <measure number="7" width="142">      <note default-x="13">        <pitch>          <step>B</step>          <alter>-1</alter>          <octave>4</octave>        </pitch>        <duration>2</duration>        <voice>1</voice>        <type>half</type>        <stem default-y="-55.5">down</stem>      </note>      <note default-x="102">        <pitch>          <step>B</step>          <alter>-1</alter>          <octave>4</octave>        </pitch>        <duration>1</duration>        <voice>1</voice>        <type>quarter</type>        <stem default-y="-55.5">down</stem>      </note>    </measure>    <!--=======================================================-->    <measure number="8" width="100">      <note default-x="34">        <pitch>          <step>A</step>          <octave>4</octave>        </pitch>        <duration>3</duration>        <voice>1</voice>        <type>half</type>        <dot/>        <stem default-y="10.5">up</stem>        <notations>          <fermata default-y="16" type="upright"/>        </notations>      </note>    </measure>    <!--=======================================================-->    <measure number="9" width="213">      <print new-system="yes"/>      <note default-x="85">        <pitch>          <step>D</step>          <octave>5</octave>        </pitch>        <duration>1</duration>        <voice>1</voice>        <type>quarter</type>        <stem default-y="-45">down</stem>      </note>      <note default-x="127">        <pitch>          <step>B</step>          <alter>-1</alter>          <octave>4</octave>        </pitch>        <duration>1</duration>        <voice>1</voice>        <type>quarter</type>        <stem default-y="-55">down</stem>      </note>      <note default-x="170">        <pitch>          <step>D</step>          <octave>5</octave>        </pitch>        <duration>1</duration>        <voice>1</voice>        <type>quarter</type>        <stem default-y="-45">down</stem>      </note>    </measure>    <!--=======================================================-->    <measure number="10" width="140">      <note default-x="13">        <pitch>          <step>E</step>          <alter>-1</alter>          <octave>5</octave>        </pitch>        <duration>2</duration>        <voice>1</voice>        <type>half</type>        <stem default-y="-40">down</stem>      </note>      <note default-x="97">        <pitch>          <step>D</step>          <octave>5</octave>        </pitch>        <duration>1</duration>        <voice>1</voice>        <type>quarter</type>        <stem default-y="-45">down</stem>      </note>    </measure>    <!--=======================================================-->    <measure number="11" width="140">      <note default-x="21">        <pitch>          <step>C</step>          <octave>5</octave>        </pitch>        <duration>2</duration>        <voice>1</voice>        <type>half</type>        <stem default-y="-50">down</stem>      </note>      <note default-x="91">        <pitch>          <step>B</step>          <alter>-1</alter>          <octave>4</octave>        </pitch>        <duration>1</duration>        <voice>1</voice>        <type>quarter</type>        <stem default-y="-55">down</stem>      </note>    </measure>    <!--=======================================================-->    <measure number="12" width="140">      <note default-x="13">        <pitch>          <step>C</step>          <octave>5</octave>        </pitch>        <duration>2</duration>        <voice>1</voice>        <type>half</type>        <stem default-y="-50">down</stem>      </note>      <note default-x="91">        <pitch>          <step>C</step>          <octave>5</octave>        </pitch>        <duration>1</duration>        <voice>1</voice>        <type>quarter</type>        <stem default-y="-50">down</stem>        <notations>          <fermata default-y="15" type="upright"/>        </notations>      </note>    </measure>    <!--=======================================================-->    <measure number="13" width="165">      <note default-x="13">        <pitch>          <step>D</step>          <octave>5</octave>        </pitch>        <duration>1</duration>        <voice>1</voice>        <type>quarter</type>        <stem default-y="-45">down</stem>      </note>      <note default-x="57">        <pitch>          <step>D</step>          <octave>5</octave>        </pitch>        <duration>1</duration>        <voice>1</voice>        <type>quarter</type>        <stem default-y="-45">down</stem>      </note>      <note default-x="110">        <pitch>          <step>D</step>          <octave>5</octave>        </pitch>        <duration>1</duration>        <voice>1</voice>        <type>quarter</type>        <stem default-y="-45">down</stem>      </note>    </measure>    <!--=======================================================-->    <measure number="14" width="140">      <note default-x="21">        <pitch>          <step>G</step>          <octave>4</octave>        </pitch>        <duration>2</duration>        <voice>1</voice>        <type>half</type>        <stem default-y="5.5">up</stem>      </note>      <note default-x="100">        <pitch>          <step>A</step>          <octave>4</octave>        </pitch>        <duration>1</duration>        <voice>1</voice>        <type>quarter</type>        <stem default-y="10">up</stem>      </note>    </measure>    <!--=======================================================-->    <measure number="15" width="151">      <note default-x="13">        <pitch>          <step>B</step>          <alter>-1</alter>          <octave>4</octave>        </pitch>        <duration>2</duration>        <voice>1</voice>        <type>half</type>        <stem default-y="-55">down</stem>      </note>      <note default-x="107">        <pitch>          <step>B</step>          <alter>-1</alter>          <octave>4</octave>        </pitch>        <duration>1</duration>        <voice>1</voice>        <type>quarter</type>        <stem default-y="-55">down</stem>      </note>    </measure>    <!--=======================================================-->    <measure number="16" width="102">      <note default-x="35">        <pitch>          <step>A</step>          <octave>4</octave>        </pitch>        <duration>3</duration>        <voice>1</voice>        <type>half</type>        <dot/>        <stem default-y="10">up</stem>        <notations>          <fermata default-y="20" type="upright"/>        </notations>      </note>    </measure>    <!--=======================================================-->    <measure number="17" width="212">      <print new-system="yes"/>      <note default-x="86">        <pitch>          <step>F</step>          <octave>4</octave>        </pitch>        <duration>1</duration>        <voice>1</voice>        <type>quarter</type>        <stem default-y="0.5">up</stem>      </note>      <note default-x="128">        <pitch>          <step>C</step>          <octave>5</octave>        </pitch>        <duration>1</duration>        <voice>1</voice>        <type>quarter</type>        <stem default-y="-50">down</stem>      </note>      <note default-x="170">        <pitch>          <step>C</step>          <octave>5</octave>        </pitch>        <duration>1</duration>        <voice>1</voice>        <type>quarter</type>        <stem default-y="-50">down</stem>      </note>    </measure>    <!--=======================================================-->    <measure number="18" width="127">      <note default-x="11">        <pitch>          <step>C</step>          <octave>5</octave>        </pitch>        <duration>2</duration>        <voice>1</voice>        <type>half</type>        <stem default-y="-50">down</stem>      </note>      <note default-x="88">        <pitch>          <step>D</step>          <octave>5</octave>        </pitch>        <duration>1</duration>        <voice>1</voice>        <type>quarter</type>        <stem default-y="-45">down</stem>      </note>    </measure>    <!--=======================================================-->    <measure number="19" width="150">      <note default-x="13">        <pitch>          <step>E</step>          <alter>-1</alter>          <octave>5</octave>        </pitch>        <duration>2</duration>        <voice>1</voice>        <type>half</type>        <stem default-y="-40.5">down</stem>      </note>      <note default-x="107">        <pitch>          <step>E</step>          <alter>-1</alter>          <octave>5</octave>        </pitch>        <duration>1</duration>        <voice>1</voice>        <type>quarter</type>        <stem default-y="-40.5">down</stem>      </note>    </measure>    <!--=======================================================-->    <measure number="20" width="111">      <note default-x="35">        <pitch>          <step>D</step>          <octave>5</octave>        </pitch>        <duration>3</duration>        <voice>1</voice>        <type>half</type>        <dot/>        <stem default-y="-45">down</stem>        <notations>          <fermata default-y="15" type="upright"/>        </notations>      </note>    </measure>    <!--=======================================================-->    <measure number="21" width="166">      <note default-x="13">        <pitch>          <step>F</step>          <octave>5</octave>        </pitch>        <duration>1</duration>        <voice>1</voice>        <type>quarter</type>        <stem default-y="-35">down</stem>      </note>      <note default-x="60">        <pitch>          <step>F</step>          <octave>5</octave>        </pitch>        <duration>1</duration>        <voice>1</voice>        <type>quarter</type>        <stem default-y="-35">down</stem>      </note>      <note default-x="118">        <pitch>          <step>F</step>          <octave>5</octave>        </pitch>        <duration>1</duration>        <voice>1</voice>        <type>quarter</type>        <stem default-y="-35">down</stem>      </note>    </measure>    <!--=======================================================-->    <measure number="22" width="138">      <note default-x="13">        <pitch>          <step>E</step>          <alter>-1</alter>          <octave>5</octave>        </pitch>        <duration>3</duration>        <voice>1</voice>        <type>half</type>        <dot/>        <stem default-y="-40.5">down</stem>      </note>    </measure>    <!--=======================================================-->    <measure number="23" width="182">      <note default-x="13">        <pitch>          <step>D</step>          <octave>5</octave>        </pitch>        <duration>1</duration>        <voice>1</voice>        <type>quarter</type>        <stem default-y="-45">down</stem>      </note>      <note default-x="65">        <pitch>          <step>D</step>          <octave>5</octave>        </pitch>        <duration>1</duration>        <voice>1</voice>        <type>quarter</type>        <stem default-y="-45">down</stem>      </note>      <note default-x="117">        <pitch>          <step>C</step>          <octave>5</octave>        </pitch>        <duration>1</duration>        <voice>1</voice>        <type>quarter</type>        <stem default-y="-50">down</stem>      </note>    </measure>    <!--=======================================================-->    <measure number="24" width="104">      <note default-x="36">        <pitch>          <step>B</step>          <alter>-1</alter>          <octave>4</octave>        </pitch>        <duration>3</duration>        <voice>1</voice>        <type>half</type>        <dot/>        <stem default-y="-55">down</stem>        <notations>          <fermata default-y="16" type="upright"/>        </notations>      </note>      <barline location="right">        <bar-style>light-heavy</bar-style>      </barline>    </measure>  </part>  <!--=========================================================-->  <part id="P2">    <measure number="1" width="241">      <attributes>        <divisions>2</divisions>        <key>          <fifths>-2</fifths>          <mode>major</mode>        </key>        <time>          <beats>3</beats>          <beat-type>4</beat-type>        </time>        <clef>          <sign>G</sign>          <line>2</line>        </clef>      </attributes>      <sound tempo="92"/>      <note default-x="115">        <pitch>          <step>F</step>          <octave>4</octave>        </pitch>        <duration>2</duration>        <voice>1</voice>        <type>quarter</type>        <stem default-y="0">up</stem>      </note>      <note default-x="157">        <pitch>          <step>F</step>          <octave>4</octave>        </pitch>        <duration>2</duration>        <voice>1</voice>        <type>quarter</type>        <stem default-y="0">up</stem>      </note>      <note default-x="198">        <pitch>          <step>B</step>          <alter>-1</alter>          <octave>4</octave>        </pitch>        <duration>2</duration>        <tie type="start"/>        <voice>1</voice>        <type>quarter</type>        <stem default-y="-55">down</stem>        <notations>          <tied type="start"/>        </notations>      </note>    </measure>    <!--=======================================================-->    <measure number="2" width="135">      <note default-x="13">        <pitch>          <step>B</step>          <alter>-1</alter>          <octave>4</octave>        </pitch>        <duration>2</duration>        <tie type="stop"/>        <voice>1</voice>        <type>quarter</type>        <stem default-y="-55">down</stem>        <notations>          <tied type="stop"/>        </notations>      </note>      <note default-x="53">        <pitch>          <step>A</step>          <octave>4</octave>        </pitch>        <duration>2</duration>        <voice>1</voice>        <type>quarter</type>        <stem default-y="10">up</stem>      </note>      <note default-x="94">        <pitch>          <step>F</step>          <octave>4</octave>        </pitch>        <duration>2</duration>        <voice>1</voice>        <type>quarter</type>        <stem default-y="0">up</stem>      </note>    </measure>    <!--=======================================================-->    <measure number="3" width="135">      <note default-x="21">        <pitch>          <step>G</step>          <octave>4</octave>        </pitch>        <duration>2</duration>        <voice>1</voice>        <type>quarter</type>        <stem default-y="5.5">up</stem>      </note>      <note default-x="54">        <pitch>          <step>F</step>          <octave>4</octave>        </pitch>        <duration>3</duration>        <voice>1</voice>        <type>quarter</type>        <dot/>        <stem default-y="0">up</stem>      </note>      <note default-x="104">        <pitch>          <step>E</step>          <octave>4</octave>        </pitch>        <duration>1</duration>        <voice>1</voice>        <type>eighth</type>        <accidental>natural</accidental>        <stem default-y="-4.5">up</stem>      </note>    </measure>    <!--=======================================================-->    <measure number="4" width="135">      <note default-x="13">        <pitch>          <step>A</step>          <octave>4</octave>        </pitch>        <duration>4</duration>        <voice>1</voice>        <type>half</type>        <stem default-y="10">up</stem>      </note>      <note default-x="88">        <pitch>          <step>A</step>          <octave>4</octave>        </pitch>        <duration>2</duration>        <voice>1</voice>        <type>quarter</type>        <stem default-y="10">up</stem>      </note>    </measure>    <!--=======================================================-->    <measure number="5" width="178">      <note default-x="12">        <pitch>          <step>B</step>          <alter>-1</alter>          <octave>4</octave>        </pitch>        <duration>2</duration>        <voice>1</voice>        <type>quarter</type>        <stem default-y="-55">down</stem>      </note>      <note default-x="60">        <pitch>          <step>F</step>          <octave>4</octave>        </pitch>        <duration>1</duration>        <voice>1</voice>        <type>eighth</type>        <stem default-y="0">up</stem>        <beam number="1">begin</beam>      </note>      <note default-x="89">        <pitch>          <step>A</step>          <octave>4</octave>        </pitch>        <duration>1</duration>        <voice>1</voice>        <type>eighth</type>        <stem default-y="10">up</stem>        <beam number="1">end</beam>      </note>      <note default-x="119">        <pitch>          <step>G</step>          <octave>4</octave>        </pitch>        <duration>1</duration>        <voice>1</voice>        <type>eighth</type>        <stem default-y="5">up</stem>        <beam number="1">begin</beam>      </note>      <note default-x="148">        <pitch>          <step>F</step>          <octave>4</octave>        </pitch>        <duration>1</duration>        <voice>1</voice>        <type>eighth</type>        <stem default-y="0">up</stem>        <beam number="1">end</beam>      </note>    </measure>    <!--=======================================================-->    <measure number="6" width="122">      <note default-x="22">        <pitch>          <step>E</step>          <octave>4</octave>        </pitch>        <duration>4</duration>        <voice>1</voice>        <type>half</type>        <accidental>natural</accidental>        <stem default-y="-4.5">up</stem>      </note>      <note default-x="88">        <pitch>          <step>F</step>          <octave>4</octave>        </pitch>        <duration>2</duration>        <tie type="start"/>        <voice>1</voice>        <type>quarter</type>        <stem default-y="0">up</stem>        <notations>          <tied type="start"/>        </notations>      </note>    </measure>    <!--=======================================================-->    <measure number="7" width="142">      <note default-x="13">        <pitch>          <step>F</step>          <octave>4</octave>        </pitch>        <duration>2</duration>        <tie type="stop"/>        <voice>1</voice>        <type>quarter</type>        <stem default-y="0">up</stem>        <notations>          <tied type="stop"/>        </notations>      </note>      <note default-x="53">        <pitch>          <step>E</step>          <octave>4</octave>        </pitch>        <duration>1</duration>        <voice>1</voice>        <type>eighth</type>        <accidental>natural</accidental>        <stem default-y="-5">up</stem>        <beam number="1">begin</beam>      </note>      <note default-x="78">        <pitch>          <step>D</step>          <octave>4</octave>        </pitch>        <duration>1</duration>        <voice>1</voice>        <type>eighth</type>        <stem default-y="-10">up</stem>        <beam number="1">end</beam>      </note>      <note default-x="102">        <pitch>          <step>E</step>          <octave>4</octave>        </pitch>        <duration>2</duration>        <voice>1</voice>        <type>quarter</type>        <stem default-y="-4.5">up</stem>      </note>    </measure>    <!--=======================================================-->    <measure number="8" width="100">      <note default-x="34">        <pitch>          <step>F</step>          <octave>4</octave>        </pitch>        <duration>6</duration>        <voice>1</voice>        <type>half</type>        <dot/>        <stem default-y="0">up</stem>      </note>    </measure>    <!--=======================================================-->    <measure number="9" width="213">      <print new-system="yes"/>      <note default-x="85">        <pitch>          <step>F</step>          <octave>4</octave>        </pitch>        <duration>2</duration>        <voice>1</voice>        <type>quarter</type>        <stem default-y="0.5">up</stem>      </note>      <note default-x="127">        <pitch>          <step>F</step>          <octave>4</octave>        </pitch>        <duration>2</duration>        <voice>1</voice>        <type>quarter</type>        <stem default-y="0.5">up</stem>      </note>      <note default-x="170">        <pitch>          <step>B</step>          <alter>-1</alter>          <octave>4</octave>        </pitch>        <duration>2</duration>        <tie type="start"/>        <voice>1</voice>        <type>quarter</type>        <stem default-y="-55">down</stem>        <notations>          <tied type="start"/>        </notations>      </note>    </measure>    <!--=======================================================-->    <measure number="10" width="140">      <note default-x="13">        <pitch>          <step>B</step>          <alter>-1</alter>          <octave>4</octave>        </pitch>        <duration>2</duration>        <tie type="stop"/>        <voice>1</voice>        <type>quarter</type>        <stem default-y="-55">down</stem>        <notations>          <tied type="stop"/>        </notations>      </note>      <note default-x="55">        <pitch>          <step>A</step>          <octave>4</octave>        </pitch>        <duration>2</duration>        <voice>1</voice>        <type>quarter</type>        <stem default-y="11">up</stem>      </note>      <note default-x="97">        <pitch>          <step>F</step>          <octave>4</octave>        </pitch>        <duration>2</duration>        <voice>1</voice>        <type>quarter</type>        <stem default-y="0.5">up</stem>      </note>    </measure>    <!--=======================================================-->    <measure number="11" width="140">      <note default-x="21">        <pitch>          <step>G</step>          <octave>4</octave>        </pitch>        <duration>2</duration>        <voice>1</voice>        <type>quarter</type>        <stem default-y="5">up</stem>      </note>      <note default-x="56">        <pitch>          <step>F</step>          <octave>4</octave>        </pitch>        <duration>3</duration>        <voice>1</voice>        <type>quarter</type>        <dot/>        <stem default-y="0.5">up</stem>      </note>      <note default-x="108">        <pitch>          <step>E</step>          <octave>4</octave>        </pitch>        <duration>1</duration>        <voice>1</voice>        <type>eighth</type>        <accidental>natural</accidental>        <stem default-y="-5">up</stem>      </note>    </measure>    <!--=======================================================-->    <measure number="12" width="140">      <note default-x="13">        <pitch>          <step>A</step>          <octave>4</octave>        </pitch>        <duration>4</duration>        <voice>1</voice>        <type>half</type>        <stem default-y="11">up</stem>      </note>      <note default-x="91">        <pitch>          <step>A</step>          <octave>4</octave>        </pitch>        <duration>2</duration>        <voice>1</voice>        <type>quarter</type>        <stem default-y="11">up</stem>      </note>    </measure>    <!--=======================================================-->    <measure number="13" width="165">      <note default-x="13">        <pitch>          <step>B</step>          <alter>-1</alter>          <octave>4</octave>        </pitch>        <duration>2</duration>        <voice>1</voice>        <type>quarter</type>        <stem default-y="-55">down</stem>      </note>      <note default-x="57">        <pitch>          <step>F</step>          <octave>4</octave>        </pitch>        <duration>1</duration>        <voice>1</voice>        <type>eighth</type>        <stem default-y="0">up</stem>        <beam number="1">begin</beam>      </note>      <note default-x="83">        <pitch>          <step>A</step>          <octave>4</octave>        </pitch>        <duration>1</duration>        <voice>1</voice>        <type>eighth</type>        <stem default-y="10">up</stem>        <beam number="1">end</beam>      </note>      <note default-x="110">        <pitch>          <step>G</step>          <octave>4</octave>        </pitch>        <duration>1</duration>        <voice>1</voice>        <type>eighth</type>        <stem default-y="5">up</stem>        <beam number="1">begin</beam>      </note>      <note default-x="137">        <pitch>          <step>F</step>          <octave>4</octave>        </pitch>        <duration>1</duration>        <voice>1</voice>        <type>eighth</type>        <stem default-y="0">up</stem>        <beam number="1">end</beam>      </note>    </measure>    <!--=======================================================-->    <measure number="14" width="140">      <note default-x="21">        <pitch>          <step>E</step>          <octave>4</octave>        </pitch>        <duration>4</duration>        <voice>1</voice>        <type>half</type>        <accidental>natural</accidental>        <stem default-y="-5">up</stem>      </note>      <note default-x="100">        <pitch>          <step>F</step>          <octave>4</octave>        </pitch>        <duration>2</duration>        <tie type="start"/>        <voice>1</voice>        <type>quarter</type>        <stem default-y="0.5">up</stem>        <notations>          <tied type="start"/>        </notations>      </note>    </measure>    <!--=======================================================-->    <measure number="15" width="151">      <note default-x="13">        <pitch>          <step>F</step>          <octave>4</octave>        </pitch>        <duration>2</duration>        <tie type="stop"/>        <voice>1</voice>        <type>quarter</type>        <stem default-y="0.5">up</stem>        <notations>          <tied type="stop"/>        </notations>      </note>      <note default-x="55">        <pitch>          <step>E</step>          <octave>4</octave>        </pitch>        <duration>1</duration>        <voice>1</voice>        <type>eighth</type>        <accidental>natural</accidental>        <stem default-y="-5">up</stem>        <beam number="1">begin</beam>      </note>      <note default-x="81">        <pitch>          <step>D</step>          <octave>4</octave>        </pitch>        <duration>1</duration>        <voice>1</voice>        <type>eighth</type>        <stem default-y="-10">up</stem>        <beam number="1">end</beam>      </note>      <note default-x="107">        <pitch>          <step>E</step>          <octave>4</octave>        </pitch>        <duration>2</duration>        <voice>1</voice>        <type>quarter</type>        <stem default-y="-5">up</stem>      </note>    </measure>    <!--=======================================================-->    <measure number="16" width="102">      <note default-x="35">        <pitch>          <step>F</step>          <octave>4</octave>        </pitch>        <duration>6</duration>        <voice>1</voice>        <type>half</type>        <dot/>        <stem default-y="0.5">up</stem>      </note>    </measure>    <!--=======================================================-->    <measure number="17" width="212">      <print new-system="yes"/>      <note default-x="86">        <pitch>          <step>C</step>          <octave>4</octave>        </pitch>        <duration>2</duration>        <voice>1</voice>        <type>quarter</type>        <stem default-y="-14.5">up</stem>      </note>      <note default-x="128">        <pitch>          <step>C</step>          <octave>4</octave>        </pitch>        <duration>2</duration>        <voice>1</voice>        <type>quarter</type>        <stem default-y="-14.5">up</stem>      </note>      <note default-x="170">        <pitch>          <step>E</step>          <octave>4</octave>        </pitch>        <duration>2</duration>        <voice>1</voice>        <type>quarter</type>        <accidental>natural</accidental>        <stem default-y="-4.5">up</stem>      </note>    </measure>    <!--=======================================================-->    <measure number="18" width="127">      <note default-x="11">        <pitch>          <step>F</step>          <octave>4</octave>        </pitch>        <duration>4</duration>        <voice>1</voice>        <type>half</type>        <stem default-y="0">up</stem>      </note>      <note default-x="88">        <pitch>          <step>B</step>          <alter>-1</alter>          <octave>4</octave>        </pitch>        <duration>2</duration>        <tie type="start"/>        <voice>1</voice>        <type>quarter</type>        <stem default-y="-55">down</stem>        <notations>          <tied type="start"/>        </notations>      </note>    </measure>    <!--=======================================================-->    <measure number="19" width="150">      <note default-x="13">        <pitch>          <step>B</step>          <alter>-1</alter>          <octave>4</octave>        </pitch>        <duration>2</duration>        <tie type="stop"/>        <voice>1</voice>        <type>quarter</type>        <stem default-y="-55">down</stem>        <notations>          <tied type="stop"/>        </notations>      </note>      <note default-x="55">        <pitch>          <step>A</step>          <octave>4</octave>        </pitch>        <duration>1</duration>        <voice>1</voice>        <type>eighth</type>        <stem default-y="10">up</stem>        <beam number="1">begin</beam>      </note>      <note default-x="81">        <pitch>          <step>G</step>          <octave>4</octave>        </pitch>        <duration>1</duration>        <voice>1</voice>        <type>eighth</type>        <stem default-y="5">up</stem>        <beam number="1">end</beam>      </note>      <note default-x="107">        <pitch>          <step>A</step>          <octave>4</octave>        </pitch>        <duration>2</duration>        <voice>1</voice>        <type>quarter</type>        <stem default-y="10.5">up</stem>      </note>    </measure>    <!--=======================================================-->    <measure number="20" width="111">      <note default-x="35">        <pitch>          <step>B</step>          <alter>-1</alter>          <octave>4</octave>        </pitch>        <duration>6</duration>        <voice>1</voice>        <type>half</type>        <dot/>        <stem default-y="-55">down</stem>      </note>    </measure>    <!--=======================================================-->    <measure number="21" width="166">      <note default-x="13">        <pitch>          <step>F</step>          <octave>4</octave>        </pitch>        <duration>2</duration>        <voice>1</voice>        <type>quarter</type>        <stem default-y="0">up</stem>      </note>      <note default-x="60">        <pitch>          <step>B</step>          <alter>-1</alter>          <octave>4</octave>        </pitch>        <duration>1</duration>        <voice>1</voice>        <type>eighth</type>        <stem default-y="15">up</stem>        <beam number="1">begin</beam>      </note>      <note default-x="89">        <pitch>          <step>A</step>          <octave>4</octave>        </pitch>        <duration>1</duration>        <voice>1</voice>        <type>eighth</type>        <stem default-y="10">up</stem>        <beam number="1">end</beam>      </note>      <note default-x="118">        <pitch>          <step>B</step>          <alter>-1</alter>          <octave>4</octave>        </pitch>        <duration>2</duration>        <voice>1</voice>        <type>quarter</type>        <stem default-y="-55">down</stem>      </note>    </measure>    <!--=======================================================-->    <measure number="22" width="138">      <note default-x="13">        <pitch>          <step>G</step>          <octave>4</octave>        </pitch>        <duration>2</duration>        <voice>1</voice>        <type>quarter</type>        <stem default-y="6">up</stem>      </note>      <note default-x="54">        <pitch>          <step>C</step>          <octave>5</octave>        </pitch>        <duration>2</duration>        <voice>1</voice>        <type>quarter</type>        <stem default-y="-50">down</stem>      </note>      <note default-x="96">        <pitch>          <step>A</step>          <octave>4</octave>        </pitch>        <duration>2</duration>        <voice>1</voice>        <type>quarter</type>        <stem default-y="10.5">up</stem>      </note>    </measure>    <!--=======================================================-->    <measure number="23" width="182">      <note default-x="13">        <pitch>          <step>B</step>          <alter>-1</alter>          <octave>4</octave>        </pitch>        <duration>2</duration>        <voice>1</voice>        <type>quarter</type>        <stem default-y="-55">down</stem>      </note>      <note default-x="65">        <pitch>          <step>B</step>          <alter>-1</alter>          <octave>4</octave>        </pitch>        <duration>3</duration>        <voice>1</voice>        <type>quarter</type>        <dot/>        <stem default-y="-55">down</stem>      </note>      <note default-x="145">        <pitch>          <step>A</step>          <octave>4</octave>        </pitch>        <duration>1</duration>        <voice>1</voice>        <type>eighth</type>        <stem default-y="10.5">up</stem>      </note>    </measure>    <!--=======================================================-->    <measure number="24" width="104">      <note default-x="36">        <pitch>          <step>F</step>          <octave>4</octave>        </pitch>        <duration>6</duration>        <voice>1</voice>        <type>half</type>        <dot/>        <stem default-y="0">up</stem>      </note>      <barline location="right">        <bar-style>light-heavy</bar-style>      </barline>    </measure>  </part>  <!--=========================================================-->  <part id="P3">    <measure number="1" width="241">      <attributes>        <divisions>4</divisions>        <key>          <fifths>-2</fifths>          <mode>major</mode>        </key>        <time>          <beats>3</beats>          <beat-type>4</beat-type>        </time>        <clef>          <sign>F</sign>          <line>4</line>        </clef>      </attributes>      <sound tempo="92"/>      <note default-x="115">        <pitch>          <step>B</step>          <alter>-1</alter>          <octave>3</octave>        </pitch>        <duration>4</duration>        <voice>1</voice>        <type>quarter</type>        <stem default-y="-30">down</stem>      </note>      <note default-x="157">        <pitch>          <step>B</step>          <alter>-1</alter>          <octave>3</octave>        </pitch>        <duration>4</duration>        <voice>1</voice>        <type>quarter</type>        <stem default-y="-30">down</stem>      </note>      <note default-x="198">        <pitch>          <step>F</step>          <octave>4</octave>        </pitch>        <duration>4</duration>        <voice>1</voice>        <type>quarter</type>        <stem default-y="-20">down</stem>      </note>    </measure>    <!--=======================================================-->    <measure number="2" width="135">      <note default-x="13">        <pitch>          <step>E</step>          <alter>-1</alter>          <octave>4</octave>        </pitch>        <duration>4</duration>        <voice>1</voice>        <type>quarter</type>        <stem default-y="-20">down</stem>      </note>      <note default-x="53">        <pitch>          <step>C</step>          <octave>4</octave>        </pitch>        <duration>4</duration>        <voice>1</voice>        <type>quarter</type>        <stem default-y="-25">down</stem>      </note>      <note default-x="94">        <pitch>          <step>B</step>          <alter>-1</alter>          <octave>3</octave>        </pitch>        <duration>4</duration>        <tie type="start"/>        <voice>1</voice>        <type>quarter</type>        <stem default-y="-30">down</stem>        <notations>          <tied type="start"/>        </notations>      </note>    </measure>    <!--=======================================================-->    <measure number="3" width="135">      <note default-x="21">        <pitch>          <step>B</step>          <alter>-1</alter>          <octave>3</octave>        </pitch>        <duration>4</duration>        <tie type="stop"/>        <voice>1</voice>        <type>quarter</type>        <stem default-y="-30">down</stem>        <notations>          <tied type="stop"/>        </notations>      </note>      <note default-x="54">        <pitch>          <step>A</step>          <octave>3</octave>        </pitch>        <duration>4</duration>        <voice>1</voice>        <type>quarter</type>        <stem default-y="-35">down</stem>      </note>      <note default-x="87">        <pitch>          <step>B</step>          <alter>-1</alter>          <octave>3</octave>        </pitch>        <duration>4</duration>        <voice>1</voice>        <type>quarter</type>        <stem default-y="-30">down</stem>      </note>    </measure>    <!--=======================================================-->    <measure number="4" width="135">      <note default-x="13">        <pitch>          <step>F</step>          <octave>4</octave>        </pitch>        <duration>8</duration>        <voice>1</voice>        <type>half</type>        <stem default-y="-20">down</stem>      </note>      <note default-x="88">        <pitch>          <step>F</step>          <octave>4</octave>        </pitch>        <duration>4</duration>        <voice>1</voice>        <type>quarter</type>        <stem default-y="-20">down</stem>      </note>    </measure>    <!--=======================================================-->    <measure number="5" width="178">      <note default-x="12">        <pitch>          <step>F</step>          <octave>4</octave>        </pitch>        <duration>4</duration>        <voice>1</voice>        <type>quarter</type>        <stem default-y="-20">down</stem>      </note>      <note default-x="60">        <pitch>          <step>B</step>          <alter>-1</alter>          <octave>3</octave>        </pitch>        <duration>2</duration>        <voice>1</voice>        <type>eighth</type>        <stem default-y="-30">down</stem>        <beam number="1">begin</beam>      </note>      <note default-x="89">        <pitch>          <step>C</step>          <octave>4</octave>        </pitch>        <duration>2</duration>        <voice>1</voice>        <type>eighth</type>        <stem default-y="-25">down</stem>        <beam number="1">end</beam>      </note>      <note default-x="119">        <pitch>          <step>D</step>          <octave>4</octave>        </pitch>        <duration>4</duration>        <voice>1</voice>        <type>quarter</type>        <stem default-y="-20">down</stem>      </note>    </measure>    <!--=======================================================-->    <measure number="6" width="122">      <note default-x="22">        <pitch>          <step>C</step>          <octave>4</octave>        </pitch>        <duration>8</duration>        <voice>1</voice>        <type>half</type>        <stem default-y="-25">down</stem>      </note>      <note default-x="88">        <pitch>          <step>C</step>          <octave>4</octave>        </pitch>        <duration>4</duration>        <voice>1</voice>        <type>quarter</type>        <stem default-y="-25">down</stem>      </note>    </measure>    <!--=======================================================-->    <measure number="7" width="142">      <note default-x="13">        <pitch>          <step>D</step>          <octave>4</octave>        </pitch>        <duration>4</duration>        <voice>1</voice>        <type>quarter</type>        <stem default-y="-20">down</stem>      </note>      <note default-x="53">        <pitch>          <step>B</step>          <alter>-1</alter>          <octave>3</octave>        </pitch>        <duration>4</duration>        <voice>1</voice>        <type>quarter</type>        <stem default-y="-30">down</stem>      </note>      <note default-x="102">        <pitch>          <step>C</step>          <octave>4</octave>        </pitch>        <duration>4</duration>        <voice>1</voice>        <type>quarter</type>        <stem default-y="-25">down</stem>      </note>    </measure>    <!--=======================================================-->    <measure number="8" width="100">      <note default-x="34">        <pitch>          <step>C</step>          <octave>4</octave>        </pitch>        <duration>12</duration>        <voice>1</voice>        <type>half</type>        <dot/>        <stem default-y="-25">down</stem>      </note>    </measure>    <!--=======================================================-->    <measure number="9" width="213">      <print new-system="yes"/>      <note default-x="85">        <pitch>          <step>B</step>          <alter>-1</alter>          <octave>3</octave>        </pitch>        <duration>4</duration>        <voice>1</voice>        <type>quarter</type>        <stem default-y="-30">down</stem>      </note>      <note default-x="127">        <pitch>          <step>B</step>          <alter>-1</alter>          <octave>3</octave>        </pitch>        <duration>4</duration>        <voice>1</voice>        <type>quarter</type>        <stem default-y="-30">down</stem>      </note>      <note default-x="170">        <pitch>          <step>F</step>          <octave>4</octave>        </pitch>        <duration>4</duration>        <voice>1</voice>        <type>quarter</type>        <stem default-y="-20.5">down</stem>      </note>    </measure>    <!--=======================================================-->    <measure number="10" width="140">      <note default-x="13">        <pitch>          <step>E</step>          <alter>-1</alter>          <octave>4</octave>        </pitch>        <duration>4</duration>        <voice>1</voice>        <type>quarter</type>        <stem default-y="-20.5">down</stem>      </note>      <note default-x="55">        <pitch>          <step>C</step>          <octave>4</octave>        </pitch>        <duration>4</duration>        <voice>1</voice>        <type>quarter</type>        <stem default-y="-25">down</stem>      </note>      <note default-x="97">        <pitch>          <step>B</step>          <alter>-1</alter>          <octave>3</octave>        </pitch>        <duration>4</duration>        <tie type="start"/>        <voice>1</voice>        <type>quarter</type>        <stem default-y="-30">down</stem>        <notations>          <tied type="start"/>        </notations>      </note>    </measure>    <!--=======================================================-->    <measure number="11" width="140">      <note default-x="21">        <pitch>          <step>B</step>          <alter>-1</alter>          <octave>3</octave>        </pitch>        <duration>4</duration>        <tie type="stop"/>        <voice>1</voice>        <type>quarter</type>        <stem default-y="-30">down</stem>        <notations>          <tied type="stop"/>        </notations>      </note>      <note default-x="56">        <pitch>          <step>A</step>          <octave>3</octave>        </pitch>        <duration>4</duration>        <voice>1</voice>        <type>quarter</type>        <stem default-y="-35">down</stem>      </note>      <note default-x="91">        <pitch>          <step>B</step>          <alter>-1</alter>          <octave>3</octave>        </pitch>        <duration>4</duration>        <voice>1</voice>        <type>quarter</type>        <stem default-y="-30">down</stem>      </note>    </measure>    <!--=======================================================-->    <measure number="12" width="140">      <note default-x="13">        <pitch>          <step>F</step>          <octave>4</octave>        </pitch>        <duration>8</duration>        <voice>1</voice>        <type>half</type>        <stem default-y="-20.5">down</stem>      </note>      <note default-x="91">        <pitch>          <step>F</step>          <octave>4</octave>        </pitch>        <duration>4</duration>        <voice>1</voice>        <type>quarter</type>        <stem default-y="-20.5">down</stem>      </note>    </measure>    <!--=======================================================-->    <measure number="13" width="165">      <note default-x="13">        <pitch>          <step>F</step>          <octave>4</octave>        </pitch>        <duration>4</duration>        <voice>1</voice>        <type>quarter</type>        <stem default-y="-20.5">down</stem>      </note>      <note default-x="57">        <pitch>          <step>B</step>          <alter>-1</alter>          <octave>3</octave>        </pitch>        <duration>2</duration>        <voice>1</voice>        <type>eighth</type>        <stem default-y="-30">down</stem>        <beam number="1">begin</beam>      </note>      <note default-x="83">        <pitch>          <step>C</step>          <octave>4</octave>        </pitch>        <duration>2</duration>        <voice>1</voice>        <type>eighth</type>        <stem default-y="-25">down</stem>        <beam number="1">end</beam>      </note>      <note default-x="110">        <pitch>          <step>D</step>          <octave>4</octave>        </pitch>        <duration>4</duration>        <voice>1</voice>        <type>quarter</type>        <stem default-y="-20.5">down</stem>      </note>    </measure>    <!--=======================================================-->    <measure number="14" width="140">      <note default-x="21">        <pitch>          <step>C</step>          <octave>4</octave>        </pitch>        <duration>8</duration>        <voice>1</voice>        <type>half</type>        <stem default-y="-25">down</stem>      </note>      <note default-x="100">        <pitch>          <step>C</step>          <octave>4</octave>        </pitch>        <duration>4</duration>        <voice>1</voice>        <type>quarter</type>        <stem default-y="-25">down</stem>      </note>    </measure>    <!--=======================================================-->    <measure number="15" width="151">      <note default-x="13">        <pitch>          <step>D</step>          <octave>4</octave>        </pitch>        <duration>4</duration>        <voice>1</voice>        <type>quarter</type>        <stem default-y="-20.5">down</stem>      </note>      <note default-x="55">        <pitch>          <step>B</step>          <alter>-1</alter>          <octave>3</octave>        </pitch>        <duration>4</duration>        <voice>1</voice>        <type>quarter</type>        <stem default-y="-30">down</stem>      </note>      <note default-x="107">        <pitch>          <step>C</step>          <octave>4</octave>        </pitch>        <duration>4</duration>        <voice>1</voice>        <type>quarter</type>        <stem default-y="-25">down</stem>      </note>    </measure>    <!--=======================================================-->    <measure number="16" width="102">      <note default-x="35">        <pitch>          <step>C</step>          <octave>4</octave>        </pitch>        <duration>12</duration>        <voice>1</voice>        <type>half</type>        <dot/>        <stem default-y="-25">down</stem>      </note>    </measure>    <!--=======================================================-->    <measure number="17" width="212">      <print new-system="yes"/>      <note default-x="86">        <pitch>          <step>A</step>          <octave>3</octave>        </pitch>        <duration>4</duration>        <voice>1</voice>        <type>quarter</type>        <stem default-y="-35">down</stem>      </note>      <note default-x="128">        <pitch>          <step>G</step>          <octave>3</octave>        </pitch>        <duration>4</duration>        <voice>1</voice>        <type>quarter</type>        <stem default-y="-40">down</stem>      </note>      <note default-x="170">        <pitch>          <step>G</step>          <octave>3</octave>        </pitch>        <duration>4</duration>        <voice>1</voice>        <type>quarter</type>        <stem default-y="-40">down</stem>      </note>    </measure>    <!--=======================================================-->    <measure number="18" width="127">      <note default-x="11">        <pitch>          <step>A</step>          <octave>3</octave>        </pitch>        <duration>8</duration>        <voice>1</voice>        <type>half</type>        <stem default-y="-35">down</stem>      </note>      <note default-x="88">        <pitch>          <step>F</step>          <octave>4</octave>        </pitch>        <duration>4</duration>        <voice>1</voice>        <type>quarter</type>        <stem default-y="-20">down</stem>      </note>    </measure>    <!--=======================================================-->    <measure number="19" width="150">      <note default-x="13">        <pitch>          <step>G</step>          <octave>4</octave>        </pitch>        <duration>4</duration>        <voice>1</voice>        <type>quarter</type>        <stem default-y="-20">down</stem>      </note>      <note default-x="55">        <pitch>          <step>E</step>          <alter>-1</alter>          <octave>4</octave>        </pitch>        <duration>4</duration>        <voice>1</voice>        <type>quarter</type>        <stem default-y="-20">down</stem>      </note>      <note default-x="107">        <pitch>          <step>F</step>          <octave>4</octave>        </pitch>        <duration>4</duration>        <voice>1</voice>        <type>quarter</type>        <stem default-y="-20">down</stem>      </note>    </measure>    <!--=======================================================-->    <measure number="20" width="111">      <note default-x="35">        <pitch>          <step>F</step>          <octave>4</octave>        </pitch>        <duration>12</duration>        <voice>1</voice>        <type>half</type>        <dot/>        <stem default-y="-20">down</stem>      </note>    </measure>    <!--=======================================================-->    <measure number="21" width="166">      <note default-x="13">        <pitch>          <step>D</step>          <octave>4</octave>        </pitch>        <duration>4</duration>        <voice>1</voice>        <type>quarter</type>        <stem default-y="-20">down</stem>      </note>      <note default-x="60">        <pitch>          <step>B</step>          <alter>-1</alter>          <octave>3</octave>        </pitch>        <duration>2</duration>        <voice>1</voice>        <type>eighth</type>        <stem default-y="-30">down</stem>        <beam number="1">begin</beam>      </note>      <note default-x="89">        <pitch>          <step>C</step>          <octave>4</octave>        </pitch>        <duration>2</duration>        <voice>1</voice>        <type>eighth</type>        <stem default-y="-25">down</stem>        <beam number="1">end</beam>      </note>      <note default-x="118">        <pitch>          <step>D</step>          <octave>4</octave>        </pitch>        <duration>4</duration>        <voice>1</voice>        <type>quarter</type>        <stem default-y="-20">down</stem>      </note>    </measure>    <!--=======================================================-->    <measure number="22" width="138">      <note default-x="13">        <pitch>          <step>C</step>          <octave>4</octave>        </pitch>        <duration>8</duration>        <voice>1</voice>        <type>half</type>        <stem default-y="-25.5">down</stem>      </note>      <note default-x="96">        <pitch>          <step>F</step>          <octave>4</octave>        </pitch>        <duration>4</duration>        <voice>1</voice>        <type>quarter</type>        <stem default-y="-20">down</stem>      </note>    </measure>    <!--=======================================================-->    <measure number="23" width="182">      <note default-x="13">        <pitch>          <step>F</step>          <octave>4</octave>        </pitch>        <duration>8</duration>        <voice>1</voice>        <type>half</type>        <stem default-y="-20">down</stem>      </note>      <note default-x="117">        <pitch>          <step>F</step>          <octave>4</octave>        </pitch>        <duration>3</duration>        <voice>1</voice>        <type>eighth</type>        <dot/>        <stem default-y="-15">down</stem>        <beam number="1">begin</beam>      </note>      <note default-x="161">        <pitch>          <step>E</step>          <alter>-1</alter>          <octave>4</octave>        </pitch>        <duration>1</duration>        <voice>1</voice>        <type>16th</type>        <stem default-y="-20">down</stem>        <beam number="1">end</beam>        <beam number="2">backward hook</beam>      </note>    </measure>    <!--=======================================================-->    <measure number="24" width="104">      <note default-x="36">        <pitch>          <step>D</step>          <octave>4</octave>        </pitch>        <duration>12</duration>        <voice>1</voice>        <type>half</type>        <dot/>        <stem default-y="-20">down</stem>      </note>      <barline location="right">        <bar-style>light-heavy</bar-style>      </barline>    </measure>  </part>  <!--=========================================================-->  <part id="P4">    <measure number="1" width="241">      <attributes>        <divisions>1</divisions>        <key>          <fifths>-2</fifths>          <mode>major</mode>        </key>        <time>          <beats>3</beats>          <beat-type>4</beat-type>        </time>        <clef>          <sign>F</sign>          <line>4</line>        </clef>      </attributes>      <sound tempo="92"/>      <note default-x="115">        <pitch>          <step>B</step>          <alter>-1</alter>          <octave>2</octave>        </pitch>        <duration>1</duration>        <voice>1</voice>        <type>quarter</type>        <stem default-y="6">up</stem>      </note>      <note default-x="157">        <pitch>          <step>D</step>          <octave>3</octave>        </pitch>        <duration>1</duration>        <voice>1</voice>        <type>quarter</type>        <stem default-y="-55">down</stem>      </note>      <note default-x="198">        <pitch>          <step>B</step>          <alter>-1</alter>          <octave>2</octave>        </pitch>        <duration>1</duration>        <voice>1</voice>        <type>quarter</type>        <stem default-y="6">up</stem>      </note>    </measure>    <!--=======================================================-->    <measure number="2" width="135">      <note default-x="13">        <pitch>          <step>C</step>          <octave>3</octave>        </pitch>        <duration>1</duration>        <voice>1</voice>        <type>quarter</type>        <stem default-y="10.5">up</stem>      </note>      <note default-x="53">        <pitch>          <step>F</step>          <octave>3</octave>        </pitch>        <duration>1</duration>        <voice>1</voice>        <type>quarter</type>        <stem default-y="-45.5">down</stem>      </note>      <note default-x="94">        <pitch>          <step>B</step>          <alter>-1</alter>          <octave>3</octave>        </pitch>        <duration>1</duration>        <voice>1</voice>        <type>quarter</type>        <stem default-y="-30">down</stem>      </note>    </measure>    <!--=======================================================-->    <measure number="3" width="135">      <note default-x="21">        <pitch>          <step>E</step>          <octave>3</octave>        </pitch>        <duration>1</duration>        <voice>1</voice>        <type>quarter</type>        <accidental>natural</accidental>        <stem default-y="-50">down</stem>      </note>      <note default-x="54">        <pitch>          <step>F</step>          <octave>3</octave>        </pitch>        <duration>1</duration>        <voice>1</voice>        <type>quarter</type>        <stem default-y="-45.5">down</stem>      </note>      <note default-x="87">        <pitch>          <step>G</step>          <octave>3</octave>        </pitch>        <duration>1</duration>        <voice>1</voice>        <type>quarter</type>        <stem default-y="-40">down</stem>      </note>    </measure>    <!--=======================================================-->    <measure number="4" width="135">      <note default-x="13">        <pitch>          <step>F</step>          <octave>3</octave>        </pitch>        <duration>2</duration>        <voice>1</voice>        <type>half</type>        <stem default-y="-45.5">down</stem>      </note>      <note default-x="88">        <pitch>          <step>F</step>          <octave>3</octave>        </pitch>        <duration>1</duration>        <voice>1</voice>        <type>quarter</type>        <stem default-y="-45.5">down</stem>      </note>    </measure>    <!--=======================================================-->    <measure number="5" width="178">      <note default-x="12">        <pitch>          <step>B</step>          <alter>-1</alter>          <octave>2</octave>        </pitch>        <duration>1</duration>        <voice>1</voice>        <type>quarter</type>        <stem default-y="6">up</stem>      </note>      <note default-x="60">        <pitch>          <step>D</step>          <octave>3</octave>        </pitch>        <duration>1</duration>        <voice>1</voice>        <type>quarter</type>        <stem default-y="-55">down</stem>      </note>      <note default-x="119">        <pitch>          <step>B</step>          <alter>-1</alter>          <octave>2</octave>        </pitch>        <duration>1</duration>        <voice>1</voice>        <type>quarter</type>        <stem default-y="6">up</stem>      </note>    </measure>    <!--=======================================================-->    <measure number="6" width="122">      <note default-x="22">        <pitch>          <step>C</step>          <octave>3</octave>        </pitch>        <duration>1</duration>        <voice>1</voice>        <type>quarter</type>        <stem default-y="10.5">up</stem>      </note>      <note default-x="55">        <pitch>          <step>B</step>          <alter>-1</alter>          <octave>2</octave>        </pitch>        <duration>1</duration>        <voice>1</voice>        <type>quarter</type>        <stem default-y="6">up</stem>      </note>      <note default-x="88">        <pitch>          <step>A</step>          <octave>2</octave>        </pitch>        <duration>1</duration>        <voice>1</voice>        <type>quarter</type>        <stem default-y="0">up</stem>      </note>    </measure>    <!--=======================================================-->    <measure number="7" width="142">      <note default-x="13">        <pitch>          <step>G</step>          <octave>2</octave>        </pitch>        <duration>2</duration>        <voice>1</voice>        <type>half</type>        <stem default-y="-4.5">up</stem>      </note>      <note default-x="102">        <pitch>          <step>C</step>          <octave>3</octave>        </pitch>        <duration>1</duration>        <voice>1</voice>        <type>quarter</type>        <stem default-y="10.5">up</stem>      </note>    </measure>    <!--=======================================================-->    <measure number="8" width="100">      <note default-x="34">        <pitch>          <step>F</step>          <octave>2</octave>        </pitch>        <duration>3</duration>        <voice>1</voice>        <type>half</type>        <dot/>        <stem default-y="-10">up</stem>      </note>    </measure>    <!--=======================================================-->    <measure number="9" width="213">      <print new-system="yes"/>      <note default-x="85">        <pitch>          <step>B</step>          <alter>-1</alter>          <octave>2</octave>        </pitch>        <duration>1</duration>        <voice>1</voice>        <type>quarter</type>        <stem default-y="5.5">up</stem>      </note>      <note default-x="127">        <pitch>          <step>D</step>          <octave>3</octave>        </pitch>        <duration>1</duration>        <voice>1</voice>        <type>quarter</type>        <stem default-y="-55">down</stem>      </note>      <note default-x="170">        <pitch>          <step>B</step>          <alter>-1</alter>          <octave>2</octave>        </pitch>        <duration>1</duration>        <voice>1</voice>        <type>quarter</type>        <stem default-y="5.5">up</stem>      </note>    </measure>    <!--=======================================================-->    <measure number="10" width="140">      <note default-x="13">        <pitch>          <step>C</step>          <octave>3</octave>        </pitch>        <duration>1</duration>        <voice>1</voice>        <type>quarter</type>        <stem default-y="10">up</stem>      </note>      <note default-x="55">        <pitch>          <step>F</step>          <octave>3</octave>        </pitch>        <duration>1</duration>        <voice>1</voice>        <type>quarter</type>        <stem default-y="-45">down</stem>      </note>      <note default-x="97">        <pitch>          <step>B</step>          <alter>-1</alter>          <octave>3</octave>        </pitch>        <duration>1</duration>        <voice>1</voice>        <type>quarter</type>        <stem default-y="-30">down</stem>      </note>    </measure>    <!--=======================================================-->    <measure number="11" width="140">      <note default-x="21">        <pitch>          <step>E</step>          <octave>3</octave>        </pitch>        <duration>1</duration>        <voice>1</voice>        <type>quarter</type>        <accidental>natural</accidental>        <stem default-y="-50.5">down</stem>      </note>      <note default-x="56">        <pitch>          <step>F</step>          <octave>3</octave>        </pitch>        <duration>1</duration>        <voice>1</voice>        <type>quarter</type>        <stem default-y="-45">down</stem>      </note>      <note default-x="91">        <pitch>          <step>G</step>          <octave>3</octave>        </pitch>        <duration>1</duration>        <voice>1</voice>        <type>quarter</type>        <stem default-y="-40">down</stem>      </note>    </measure>    <!--=======================================================-->    <measure number="12" width="140">      <note default-x="13">        <pitch>          <step>F</step>          <octave>3</octave>        </pitch>        <duration>2</duration>        <voice>1</voice>        <type>half</type>        <stem default-y="-45">down</stem>      </note>      <note default-x="91">        <pitch>          <step>F</step>          <octave>3</octave>        </pitch>        <duration>1</duration>        <voice>1</voice>        <type>quarter</type>        <stem default-y="-45">down</stem>      </note>    </measure>    <!--=======================================================-->    <measure number="13" width="165">      <note default-x="13">        <pitch>          <step>B</step>          <alter>-1</alter>          <octave>2</octave>        </pitch>        <duration>1</duration>        <voice>1</voice>        <type>quarter</type>        <stem default-y="5.5">up</stem>      </note>      <note default-x="57">        <pitch>          <step>D</step>          <octave>3</octave>        </pitch>        <duration>1</duration>        <voice>1</voice>        <type>quarter</type>        <stem default-y="-55">down</stem>      </note>      <note default-x="110">        <pitch>          <step>B</step>          <alter>-1</alter>          <octave>2</octave>        </pitch>        <duration>1</duration>        <voice>1</voice>        <type>quarter</type>        <stem default-y="5.5">up</stem>      </note>    </measure>    <!--=======================================================-->    <measure number="14" width="140">      <note default-x="21">        <pitch>          <step>C</step>          <octave>3</octave>        </pitch>        <duration>1</duration>        <voice>1</voice>        <type>quarter</type>        <stem default-y="10">up</stem>      </note>      <note default-x="61">        <pitch>          <step>B</step>          <alter>-1</alter>          <octave>2</octave>        </pitch>        <duration>1</duration>        <voice>1</voice>        <type>quarter</type>        <stem default-y="5.5">up</stem>      </note>      <note default-x="100">        <pitch>          <step>A</step>          <octave>2</octave>        </pitch>        <duration>1</duration>        <voice>1</voice>        <type>quarter</type>        <stem default-y="1">up</stem>      </note>    </measure>    <!--=======================================================-->    <measure number="15" width="151">      <note default-x="13">        <pitch>          <step>G</step>          <octave>2</octave>        </pitch>        <duration>2</duration>        <voice>1</voice>        <type>half</type>        <stem default-y="-5">up</stem>      </note>      <note default-x="107">        <pitch>          <step>C</step>          <octave>3</octave>        </pitch>        <duration>1</duration>        <voice>1</voice>        <type>quarter</type>        <stem default-y="10">up</stem>      </note>    </measure>    <!--=======================================================-->    <measure number="16" width="102">      <note default-x="35">        <pitch>          <step>F</step>          <octave>2</octave>        </pitch>        <duration>3</duration>        <voice>1</voice>        <type>half</type>        <dot/>        <stem default-y="-9.5">up</stem>      </note>    </measure>    <!--=======================================================-->    <measure number="17" width="212">      <print new-system="yes"/>      <note default-x="86">        <pitch>          <step>F</step>          <octave>3</octave>        </pitch>        <duration>1</duration>        <voice>1</voice>        <type>quarter</type>        <stem default-y="-45">down</stem>      </note>      <note default-x="128">        <pitch>          <step>E</step>          <octave>3</octave>        </pitch>        <duration>1</duration>        <voice>1</voice>        <type>quarter</type>        <accidental>natural</accidental>        <stem default-y="-50">down</stem>      </note>      <note default-x="170">        <pitch>          <step>C</step>          <octave>3</octave>        </pitch>        <duration>1</duration>        <voice>1</voice>        <type>quarter</type>        <stem default-y="10.5">up</stem>      </note>    </measure>    <!--=======================================================-->    <measure number="18" width="127">      <note default-x="11">        <pitch>          <step>F</step>          <octave>3</octave>        </pitch>        <duration>1</duration>        <voice>1</voice>        <type>quarter</type>        <stem default-y="-45">down</stem>      </note>      <note default-x="49">        <pitch>          <step>E</step>          <alter>-1</alter>          <octave>3</octave>        </pitch>        <duration>1</duration>        <voice>1</voice>        <type>quarter</type>        <accidental>flat</accidental>        <stem default-y="-50">down</stem>      </note>      <note default-x="88">        <pitch>          <step>D</step>          <octave>3</octave>        </pitch>        <duration>1</duration>        <voice>1</voice>        <type>quarter</type>        <stem default-y="-55.5">down</stem>      </note>    </measure>    <!--=======================================================-->    <measure number="19" width="150">      <note default-x="13">        <pitch>          <step>C</step>          <octave>3</octave>        </pitch>        <duration>2</duration>        <voice>1</voice>        <type>half</type>        <stem default-y="10.5">up</stem>      </note>      <note default-x="107">        <pitch>          <step>F</step>          <octave>3</octave>        </pitch>        <duration>1</duration>        <voice>1</voice>        <type>quarter</type>        <stem default-y="-45">down</stem>      </note>    </measure>    <!--=======================================================-->    <measure number="20" width="111">      <note default-x="35">        <pitch>          <step>B</step>          <alter>-1</alter>          <octave>2</octave>        </pitch>        <duration>3</duration>        <voice>1</voice>        <type>half</type>        <dot/>        <stem default-y="5">up</stem>      </note>    </measure>    <!--=======================================================-->    <measure number="21" width="166">      <note default-x="13">        <pitch>          <step>B</step>          <alter>-1</alter>          <octave>2</octave>        </pitch>        <duration>1</duration>        <voice>1</voice>        <type>quarter</type>        <stem default-y="5">up</stem>      </note>      <note default-x="60">        <pitch>          <step>D</step>          <octave>3</octave>        </pitch>        <duration>1</duration>        <voice>1</voice>        <type>quarter</type>        <stem default-y="-55.5">down</stem>      </note>      <note default-x="118">        <pitch>          <step>B</step>          <alter>-1</alter>          <octave>2</octave>        </pitch>        <duration>1</duration>        <voice>1</voice>        <type>quarter</type>        <stem default-y="5">up</stem>      </note>    </measure>    <!--=======================================================-->    <measure number="22" width="138">      <note default-x="13">        <pitch>          <step>C</step>          <octave>3</octave>        </pitch>        <duration>1</duration>        <voice>1</voice>        <type>quarter</type>        <stem default-y="10.5">up</stem>      </note>      <note default-x="54">        <pitch>          <step>A</step>          <octave>2</octave>        </pitch>        <duration>1</duration>        <voice>1</voice>        <type>quarter</type>        <stem default-y="0.5">up</stem>      </note>      <note default-x="96">        <pitch>          <step>F</step>          <octave>2</octave>        </pitch>        <duration>1</duration>        <voice>1</voice>        <type>quarter</type>        <stem default-y="-10">up</stem>      </note>    </measure>    <!--=======================================================-->    <measure number="23" width="182">      <note default-x="13">        <pitch>          <step>B</step>          <alter>-1</alter>          <octave>2</octave>        </pitch>        <duration>1</duration>        <voice>1</voice>        <type>quarter</type>        <stem default-y="5">up</stem>      </note>      <note default-x="65">        <pitch>          <step>D</step>          <octave>3</octave>        </pitch>        <duration>1</duration>        <voice>1</voice>        <type>quarter</type>        <stem default-y="-55.5">down</stem>      </note>      <note default-x="117">        <pitch>          <step>F</step>          <octave>3</octave>        </pitch>        <duration>1</duration>        <voice>1</voice>        <type>quarter</type>        <stem default-y="-45">down</stem>      </note>    </measure>    <!--=======================================================-->    <measure number="24" width="104">      <note default-x="36">        <pitch>          <step>B</step>          <alter>-1</alter>          <octave>2</octave>        </pitch>        <duration>3</duration>        <voice>1</voice>        <type>half</type>        <dot/>        <stem default-y="5">up</stem>      </note>      <barline location="right">        <bar-style>light-heavy</bar-style>      </barline>    </measure>  </part>  <!--=========================================================--></score-partwise>