<?xml version="1.0" encoding="UTF-8"?><!DOCTYPE score-partwise PUBLIC "-//Recordare//DTD MusicXML 1.1 Partwise//EN"                                "http://www.musicxml.org/dtds/partwise.dtd"><score-partwise version="1.1">  <identification>    <encoding>      <software>Finale 2008 for Macintosh</software>      <software>Dolet Light for Finale 2008</software>      <encoding-date>2009-08-12</encoding-date>    </encoding>  </identification>  <defaults>    <scaling>      <millimeters>5.9267</millimeters>      <tenths>40</tenths>    </scaling>    <page-layout>      <page-height>1886</page-height>      <page-width>1457</page-width>      <page-margins type="both">        <left-margin>86</left-margin>        <right-margin>86</right-margin>        <top-margin>86</top-margin>        <bottom-margin>86</bottom-margin>      </page-margins>    </page-layout>    <system-layout>      <system-margins>        <left-margin>96</left-margin>        <right-margin>0</right-margin>      </system-margins>      <system-distance>195</system-distance>      <top-system-distance>180</top-system-distance>    </system-layout>    <staff-layout>      <staff-distance>60</staff-distance>    </staff-layout>    <music-font font-family="Maestro" font-size="16.8"/>    <word-font font-family="Times" font-size="7"/>  </defaults>  <credit>    <credit-words default-x="763" default-y="1750" font-family="Garamond 3 SC" font-size="9.8" justify="center" valign="top">BWV 378</credit-words>  </credit>  <credit>    <credit-words default-x="1109" default-y="1725" font-family="Helvetica" valign="top">PDF © 2003 Margaret Greentree
www.jsbchorales.net</credit-words>  </credit>  <part-list>    <part-group number="1" type="start">      <group-symbol default-x="-12">bracket</group-symbol>      <group-barline>yes</group-barline>    </part-group>    <score-part id="P1">      <part-name>Soprano</part-name>      <part-abbreviation>S.</part-abbreviation>      <score-instrument id="P1-I1">        <instrument-name>Instrument 1</instrument-name>      </score-instrument>      <midi-instrument id="P1-I1">        <midi-channel>1</midi-channel>        <midi-program>1</midi-program>      </midi-instrument>    </score-part>    <score-part id="P2">      <part-name>Alto</part-name>      <part-abbreviation>A.</part-abbreviation>      <score-instrument id="P2-I2">        <instrument-name>Instrument 2</instrument-name>      </score-instrument>      <midi-instrument id="P2-I2">        <midi-channel>2</midi-channel>        <midi-program>1</midi-program>      </midi-instrument>    </score-part>    <score-part id="P3">      <part-name>Tenor</part-name>      <part-abbreviation>T.</part-abbreviation>      <score-instrument id="P3-I3">        <instrument-name>Instrument 3</instrument-name>      </score-instrument>      <midi-instrument id="P3-I3">        <midi-channel>3</midi-channel>        <midi-program>1</midi-program>      </midi-instrument>    </score-part>    <score-part id="P4">      <part-name>Bass</part-name>      <part-abbreviation>B.</part-abbreviation>      <score-instrument id="P4-I4">        <instrument-name>Instrument 4</instrument-name>      </score-instrument>      <midi-instrument id="P4-I4">        <midi-channel>4</midi-channel>        <midi-program>1</midi-program>      </midi-instrument>    </score-part>    <part-group number="1" type="stop"/>  </part-list>  <!--=========================================================-->  <part id="P1">    <measure implicit="yes" number="0" width="205">      <attributes>        <divisions>2</divisions>        <key>          <fifths>1</fifths>          <mode>major</mode>        </key>        <time symbol="common">          <beats>4</beats>          <beat-type>4</beat-type>        </time>        <clef>          <sign>G</sign>          <line>2</line>        </clef>      </attributes>      <sound tempo="90"/>      <note default-x="148">        <pitch>          <step>G</step>          <octave>4</octave>        </pitch>        <duration>2</duration>        <voice>1</voice>        <type>quarter</type>        <stem default-y="6">up</stem>      </note>    </measure>    <!--=======================================================-->    <measure number="1" width="219">      <note default-x="10">        <pitch>          <step>G</step>          <octave>4</octave>        </pitch>        <duration>2</duration>        <voice>1</voice>        <type>quarter</type>        <stem default-y="6">up</stem>      </note>      <note default-x="65">        <pitch>          <step>D</step>          <octave>4</octave>        </pitch>        <duration>2</duration>        <voice>1</voice>        <type>quarter</type>        <stem default-y="-10">up</stem>      </note>      <note default-x="119">        <pitch>          <step>G</step>          <octave>4</octave>        </pitch>        <duration>2</duration>        <voice>1</voice>        <type>quarter</type>        <stem default-y="6">up</stem>      </note>      <note default-x="163">        <pitch>          <step>A</step>          <octave>4</octave>        </pitch>        <duration>2</duration>        <voice>1</voice>        <type>quarter</type>        <stem default-y="10.5">up</stem>      </note>    </measure>    <!--=======================================================-->    <measure number="2" width="128">      <note default-x="13">        <pitch>          <step>B</step>          <octave>4</octave>        </pitch>        <duration>4</duration>        <voice>1</voice>        <type>half</type>        <stem default-y="-55">down</stem>        <notations>          <fermata default-y="13" type="upright"/>        </notations>      </note>      <note default-x="62">        <rest/>        <duration>2</duration>        <voice>1</voice>        <type>quarter</type>      </note>      <note default-x="93">        <pitch>          <step>D</step>          <octave>5</octave>        </pitch>        <duration>2</duration>        <voice>1</voice>        <type>quarter</type>        <stem default-y="-45.5">down</stem>      </note>    </measure>    <!--=======================================================-->    <measure number="3" width="279">      <note default-x="13">        <pitch>          <step>E</step>          <octave>5</octave>        </pitch>        <duration>2</duration>        <voice>1</voice>        <type>quarter</type>        <stem default-y="-40">down</stem>      </note>      <note default-x="78">        <pitch>          <step>D</step>          <octave>5</octave>        </pitch>        <duration>2</duration>        <voice>1</voice>        <type>quarter</type>        <stem default-y="-45.5">down</stem>      </note>      <note default-x="140">        <pitch>          <step>C</step>          <octave>5</octave>        </pitch>        <duration>3</duration>        <voice>1</voice>        <type>quarter</type>        <dot/>        <stem default-y="-50">down</stem>      </note>      <note default-x="246">        <pitch>          <step>D</step>          <octave>5</octave>        </pitch>        <duration>1</duration>        <voice>1</voice>        <type>eighth</type>        <stem default-y="-45.5">down</stem>      </note>    </measure>    <!--=======================================================-->    <measure number="4" width="137">      <note default-x="13">        <pitch>          <step>B</step>          <octave>4</octave>        </pitch>        <duration>4</duration>        <voice>1</voice>        <type>half</type>        <stem default-y="-55">down</stem>        <notations>          <fermata default-y="13" type="upright"/>        </notations>      </note>      <note default-x="69">        <rest/>        <duration>2</duration>        <voice>1</voice>        <type>quarter</type>      </note>      <note default-x="103">        <pitch>          <step>D</step>          <octave>5</octave>        </pitch>        <duration>2</duration>        <voice>1</voice>        <type>quarter</type>        <stem default-y="-45.5">down</stem>      </note>    </measure>    <!--=======================================================-->    <measure number="5" width="222">      <note default-x="12">        <pitch>          <step>C</step>          <octave>5</octave>        </pitch>        <duration>2</duration>        <voice>1</voice>        <type>quarter</type>        <stem default-y="-50">down</stem>      </note>      <note default-x="65">        <pitch>          <step>B</step>          <octave>4</octave>        </pitch>        <duration>2</duration>        <voice>1</voice>        <type>quarter</type>        <stem default-y="-55">down</stem>      </note>      <note default-x="117">        <pitch>          <step>A</step>          <octave>4</octave>        </pitch>        <duration>2</duration>        <voice>1</voice>        <type>quarter</type>        <stem default-y="10.5">up</stem>      </note>      <note default-x="169">        <pitch>          <step>G</step>          <octave>4</octave>        </pitch>        <duration>2</duration>        <voice>1</voice>        <type>quarter</type>        <stem default-y="6">up</stem>      </note>    </measure>    <!--=======================================================-->    <measure number="6" width="205">      <print new-system="yes"/>      <note default-x="82">        <pitch>          <step>A</step>          <octave>4</octave>        </pitch>        <duration>4</duration>        <voice>1</voice>        <type>half</type>        <stem default-y="10.5">up</stem>        <notations>          <fermata default-y="16" type="upright"/>        </notations>      </note>      <note default-x="129">        <rest/>        <duration>2</duration>        <voice>1</voice>        <type>quarter</type>      </note>      <note default-x="175">        <pitch>          <step>B</step>          <octave>4</octave>        </pitch>        <duration>2</duration>        <voice>1</voice>        <type>quarter</type>        <stem default-y="-55">down</stem>      </note>    </measure>    <!--=======================================================-->    <measure number="7" width="267">      <note default-x="10">        <pitch>          <step>G</step>          <octave>4</octave>        </pitch>        <duration>2</duration>        <voice>1</voice>        <type>quarter</type>        <stem default-y="6">up</stem>      </note>      <note default-x="79">        <pitch>          <step>C</step>          <octave>5</octave>        </pitch>        <duration>2</duration>        <voice>1</voice>        <type>quarter</type>        <stem default-y="-50">down</stem>      </note>      <note default-x="142">        <pitch>          <step>B</step>          <octave>4</octave>        </pitch>        <duration>2</duration>        <voice>1</voice>        <type>quarter</type>        <stem default-y="-55">down</stem>      </note>      <note default-x="202">        <pitch>          <step>A</step>          <octave>4</octave>        </pitch>        <duration>2</duration>        <voice>1</voice>        <type>quarter</type>        <stem default-y="10.5">up</stem>      </note>    </measure>    <!--=======================================================-->    <measure number="8" width="136">      <note default-x="12">        <pitch>          <step>G</step>          <octave>4</octave>        </pitch>        <duration>4</duration>        <voice>1</voice>        <type>half</type>        <stem default-y="6">up</stem>        <notations>          <fermata default-y="16" type="upright"/>        </notations>      </note>      <note default-x="57">        <rest/>        <duration>2</duration>        <voice>1</voice>        <type>quarter</type>      </note>      <note default-x="84">        <pitch>          <step>B</step>          <octave>4</octave>        </pitch>        <duration>1</duration>        <voice>1</voice>        <type>eighth</type>        <stem default-y="-55">down</stem>        <beam number="1">begin</beam>      </note>      <note default-x="115">        <pitch>          <step>C</step>          <octave>5</octave>        </pitch>        <duration>1</duration>        <voice>1</voice>        <type>eighth</type>        <stem default-y="-49.5">down</stem>        <beam number="1">end</beam>      </note>    </measure>    <!--=======================================================-->    <measure number="9" width="210">      <note default-x="13">        <pitch>          <step>D</step>          <octave>5</octave>        </pitch>        <duration>2</duration>        <voice>1</voice>        <type>quarter</type>        <stem default-y="-45.5">down</stem>      </note>      <note default-x="63">        <pitch>          <step>D</step>          <octave>5</octave>        </pitch>        <duration>2</duration>        <voice>1</voice>        <type>quarter</type>        <stem default-y="-45.5">down</stem>      </note>      <note default-x="109">        <pitch>          <step>C</step>          <octave>5</octave>        </pitch>        <duration>2</duration>        <voice>1</voice>        <type>quarter</type>        <stem default-y="-50">down</stem>      </note>      <note default-x="159">        <pitch>          <step>B</step>          <octave>4</octave>        </pitch>        <duration>2</duration>        <voice>1</voice>        <type>quarter</type>        <stem default-y="-55">down</stem>      </note>    </measure>    <!--=======================================================-->    <measure number="10" width="137">      <note default-x="12">        <pitch>          <step>A</step>          <octave>4</octave>        </pitch>        <duration>4</duration>        <voice>1</voice>        <type>half</type>        <stem default-y="10.5">up</stem>        <notations>          <fermata default-y="16" type="upright"/>        </notations>      </note>      <note default-x="72">        <rest/>        <duration>2</duration>        <voice>1</voice>        <type>quarter</type>      </note>      <note default-x="105">        <pitch>          <step>B</step>          <octave>4</octave>        </pitch>        <duration>2</duration>        <voice>1</voice>        <type>quarter</type>        <stem default-y="-55">down</stem>      </note>    </measure>    <!--=======================================================-->    <measure number="11" width="234">      <note default-x="10">        <pitch>          <step>G</step>          <octave>4</octave>        </pitch>        <duration>2</duration>        <voice>1</voice>        <type>quarter</type>        <stem default-y="6">up</stem>      </note>      <note default-x="65">        <pitch>          <step>G</step>          <octave>4</octave>        </pitch>        <duration>2</duration>        <voice>1</voice>        <type>quarter</type>        <stem default-y="6">up</stem>      </note>      <note default-x="120">        <pitch>          <step>A</step>          <octave>4</octave>        </pitch>        <duration>2</duration>        <voice>1</voice>        <type>quarter</type>        <stem default-y="10.5">up</stem>      </note>      <note default-x="175">        <pitch>          <step>B</step>          <octave>4</octave>        </pitch>        <duration>2</duration>        <voice>1</voice>        <type>quarter</type>        <stem default-y="-55">down</stem>      </note>    </measure>    <!--=======================================================-->    <measure number="12" width="324">      <print new-system="yes"/>      <note default-x="76">        <pitch>          <step>C</step>          <octave>5</octave>        </pitch>        <duration>4</duration>        <voice>1</voice>        <type>half</type>        <stem default-y="-50">down</stem>      </note>      <note default-x="205">        <pitch>          <step>B</step>          <octave>4</octave>        </pitch>        <duration>2</duration>        <voice>1</voice>        <type>quarter</type>        <stem default-y="-55.5">down</stem>        <notations>          <fermata default-y="14" type="upright"/>        </notations>      </note>      <note default-x="264">        <pitch>          <step>D</step>          <octave>5</octave>        </pitch>        <duration>2</duration>        <voice>1</voice>        <type>quarter</type>        <stem default-y="-45">down</stem>      </note>    </measure>    <!--=======================================================-->    <measure number="13" width="212">      <note default-x="10">        <pitch>          <step>C</step>          <octave>5</octave>        </pitch>        <duration>2</duration>        <voice>1</voice>        <type>quarter</type>        <stem default-y="-50">down</stem>      </note>      <note default-x="62">        <pitch>          <step>A</step>          <octave>4</octave>        </pitch>        <duration>2</duration>        <voice>1</voice>        <type>quarter</type>        <stem default-y="10.5">up</stem>      </note>      <note default-x="115">        <pitch>          <step>B</step>          <octave>4</octave>        </pitch>        <duration>2</duration>        <voice>1</voice>        <type>quarter</type>        <stem default-y="-55.5">down</stem>      </note>      <note default-x="168">        <pitch>          <step>C</step>          <octave>5</octave>        </pitch>        <duration>2</duration>        <voice>1</voice>        <type>quarter</type>        <stem default-y="-50">down</stem>      </note>    </measure>    <!--=======================================================-->    <measure number="14" width="173">      <note default-x="12">        <pitch>          <step>D</step>          <octave>5</octave>        </pitch>        <duration>4</duration>        <voice>1</voice>        <type>half</type>        <stem default-y="-45">down</stem>        <notations>          <fermata default-y="15" type="upright"/>        </notations>      </note>      <note default-x="80">        <rest/>        <duration>2</duration>        <voice>1</voice>        <type>quarter</type>      </note>      <note default-x="121">        <pitch>          <step>G</step>          <octave>4</octave>        </pitch>        <duration>2</duration>        <voice>1</voice>        <type>quarter</type>        <stem default-y="5">up</stem>      </note>    </measure>    <!--=======================================================-->    <measure number="15" width="253">      <note default-x="13">        <pitch>          <step>A</step>          <octave>4</octave>        </pitch>        <duration>2</duration>        <voice>1</voice>        <type>quarter</type>        <stem default-y="10.5">up</stem>      </note>      <note default-x="69">        <pitch>          <step>B</step>          <octave>4</octave>        </pitch>        <duration>2</duration>        <voice>1</voice>        <type>quarter</type>        <stem default-y="-55.5">down</stem>      </note>      <note default-x="143">        <pitch>          <step>C</step>          <octave>5</octave>        </pitch>        <duration>2</duration>        <voice>1</voice>        <type>quarter</type>        <stem default-y="-50">down</stem>      </note>      <note default-x="198">        <pitch>          <step>B</step>          <octave>4</octave>        </pitch>        <duration>2</duration>        <voice>1</voice>        <type>quarter</type>        <stem default-y="-55.5">down</stem>      </note>    </measure>    <!--=======================================================-->    <measure number="16" width="229">      <note default-x="14">        <pitch>          <step>A</step>          <octave>4</octave>        </pitch>        <duration>4</duration>        <voice>1</voice>        <type>half</type>        <stem default-y="10.5">up</stem>      </note>      <note default-x="162">        <pitch>          <step>G</step>          <octave>4</octave>        </pitch>        <duration>2</duration>        <voice>1</voice>        <type>quarter</type>        <stem default-y="5">up</stem>        <notations>          <fermata default-y="17" type="upright"/>        </notations>      </note>      <forward>        <duration>2</duration>        <voice>1</voice>      </forward>      <barline location="right">        <bar-style>light-heavy</bar-style>      </barline>    </measure>  </part>  <!--=========================================================-->  <part id="P2">    <measure implicit="yes" number="0" width="205">      <attributes>        <divisions>4</divisions>        <key>          <fifths>1</fifths>          <mode>major</mode>        </key>        <time symbol="common">          <beats>4</beats>          <beat-type>4</beat-type>        </time>        <clef>          <sign>G</sign>          <line>2</line>        </clef>      </attributes>      <sound tempo="90"/>      <note default-x="148">        <pitch>          <step>D</step>          <octave>4</octave>        </pitch>        <duration>4</duration>        <voice>1</voice>        <type>quarter</type>        <stem default-y="-10">up</stem>      </note>    </measure>    <!--=======================================================-->    <measure number="1" width="219">      <note default-x="10">        <pitch>          <step>D</step>          <octave>4</octave>        </pitch>        <duration>4</duration>        <voice>1</voice>        <type>quarter</type>        <stem default-y="-10">up</stem>      </note>      <note default-x="65">        <pitch>          <step>A</step>          <octave>3</octave>        </pitch>        <duration>4</duration>        <voice>1</voice>        <type>quarter</type>        <stem default-y="-19">up</stem>      </note>      <note default-x="119">        <pitch>          <step>D</step>          <octave>4</octave>        </pitch>        <duration>4</duration>        <voice>1</voice>        <type>quarter</type>        <stem default-y="-10">up</stem>      </note>      <note default-x="163">        <pitch>          <step>E</step>          <octave>4</octave>        </pitch>        <duration>2</duration>        <voice>1</voice>        <type>eighth</type>        <stem default-y="-5">up</stem>        <beam number="1">begin</beam>      </note>      <note default-x="191">        <pitch>          <step>F</step>          <alter>1</alter>          <octave>4</octave>        </pitch>        <duration>2</duration>        <voice>1</voice>        <type>eighth</type>        <stem default-y="0">up</stem>        <beam number="1">end</beam>      </note>    </measure>    <!--=======================================================-->    <measure number="2" width="128">      <note default-x="13">        <pitch>          <step>G</step>          <octave>4</octave>        </pitch>        <duration>8</duration>        <voice>1</voice>        <type>half</type>        <stem default-y="6">up</stem>      </note>      <note default-x="62">        <rest/>        <duration>4</duration>        <voice>1</voice>        <type>quarter</type>      </note>      <note default-x="93">        <pitch>          <step>G</step>          <octave>4</octave>        </pitch>        <duration>4</duration>        <tie type="start"/>        <voice>1</voice>        <type>quarter</type>        <stem default-y="6">up</stem>        <notations>          <tied type="start"/>        </notations>      </note>    </measure>    <!--=======================================================-->    <measure number="3" width="279">      <note default-x="13">        <pitch>          <step>G</step>          <octave>4</octave>        </pitch>        <duration>2</duration>        <tie type="stop"/>        <voice>1</voice>        <type>eighth</type>        <stem default-y="5">up</stem>        <beam number="1">begin</beam>        <notations>          <tied type="stop"/>        </notations>      </note>      <note default-x="45">        <pitch>          <step>F</step>          <alter>1</alter>          <octave>4</octave>        </pitch>        <duration>2</duration>        <voice>1</voice>        <type>eighth</type>        <stem default-y="0">up</stem>        <beam number="1">end</beam>      </note>      <note default-x="78">        <pitch>          <step>G</step>          <octave>4</octave>        </pitch>        <duration>4</duration>        <tie type="start"/>        <voice>1</voice>        <type>quarter</type>        <stem default-y="6">up</stem>        <notations>          <tied type="start"/>        </notations>      </note>      <note default-x="140">        <pitch>          <step>G</step>          <octave>4</octave>        </pitch>        <duration>2</duration>        <tie type="stop"/>        <voice>1</voice>        <type>eighth</type>        <stem default-y="5">up</stem>        <beam number="1">begin</beam>        <notations>          <tied type="stop"/>        </notations>      </note>      <note default-x="173">        <pitch>          <step>F</step>          <alter>1</alter>          <octave>4</octave>        </pitch>        <duration>1</duration>        <voice>1</voice>        <type>16th</type>        <stem default-y="-1">up</stem>        <beam number="1">continue</beam>        <beam number="2">begin</beam>      </note>      <note default-x="196">        <pitch>          <step>E</step>          <octave>4</octave>        </pitch>        <duration>1</duration>        <voice>1</voice>        <type>16th</type>        <stem default-y="-5">up</stem>        <beam number="1">end</beam>        <beam number="2">end</beam>      </note>      <note default-x="219">        <pitch>          <step>F</step>          <alter>1</alter>          <octave>4</octave>        </pitch>        <duration>4</duration>        <voice>1</voice>        <type>quarter</type>        <stem default-y="0">up</stem>      </note>    </measure>    <!--=======================================================-->    <measure number="4" width="137">      <note default-x="13">        <pitch>          <step>G</step>          <octave>4</octave>        </pitch>        <duration>8</duration>        <voice>1</voice>        <type>half</type>        <stem default-y="6">up</stem>      </note>      <note default-x="69">        <rest/>        <duration>4</duration>        <voice>1</voice>        <type>quarter</type>      </note>      <note default-x="103">        <pitch>          <step>G</step>          <octave>4</octave>        </pitch>        <duration>4</duration>        <tie type="start"/>        <voice>1</voice>        <type>quarter</type>        <stem default-y="6">up</stem>        <notations>          <tied type="start"/>        </notations>      </note>    </measure>    <!--=======================================================-->    <measure number="5" width="222">      <note default-x="12">        <pitch>          <step>G</step>          <octave>4</octave>        </pitch>        <duration>2</duration>        <tie type="stop"/>        <voice>1</voice>        <type>eighth</type>        <stem default-y="5">up</stem>        <beam number="1">begin</beam>        <notations>          <tied type="stop"/>        </notations>      </note>      <note default-x="39">        <pitch>          <step>F</step>          <alter>1</alter>          <octave>4</octave>        </pitch>        <duration>2</duration>        <voice>1</voice>        <type>eighth</type>        <stem default-y="0">up</stem>        <beam number="1">end</beam>      </note>      <note default-x="65">        <pitch>          <step>G</step>          <octave>4</octave>        </pitch>        <duration>4</duration>        <tie type="start"/>        <voice>1</voice>        <type>quarter</type>        <stem default-y="6">up</stem>        <notations>          <tied type="start"/>        </notations>      </note>      <note default-x="117">        <pitch>          <step>G</step>          <octave>4</octave>        </pitch>        <duration>2</duration>        <tie type="stop"/>        <voice>1</voice>        <type>eighth</type>        <stem default-y="5">up</stem>        <beam number="1">begin</beam>        <notations>          <tied type="stop"/>        </notations>      </note>      <note default-x="143">        <pitch>          <step>F</step>          <alter>1</alter>          <octave>4</octave>        </pitch>        <duration>2</duration>        <voice>1</voice>        <type>eighth</type>        <stem default-y="0">up</stem>        <beam number="1">end</beam>      </note>      <note default-x="169">        <pitch>          <step>G</step>          <octave>4</octave>        </pitch>        <duration>2</duration>        <voice>1</voice>        <type>eighth</type>        <stem default-y="5">up</stem>        <beam number="1">begin</beam>      </note>      <note default-x="195">        <pitch>          <step>G</step>          <octave>3</octave>        </pitch>        <duration>2</duration>        <voice>1</voice>        <type>eighth</type>        <stem default-y="-5">up</stem>        <beam number="1">end</beam>      </note>    </measure>    <!--=======================================================-->    <measure number="6" width="205">      <print new-system="yes"/>      <note default-x="82">        <pitch>          <step>D</step>          <octave>4</octave>        </pitch>        <duration>8</duration>        <voice>1</voice>        <type>half</type>        <stem default-y="-10">up</stem>      </note>      <note default-x="129">        <rest/>        <duration>4</duration>        <voice>1</voice>        <type>quarter</type>      </note>      <note default-x="175">        <pitch>          <step>F</step>          <alter>1</alter>          <octave>4</octave>        </pitch>        <duration>4</duration>        <voice>1</voice>        <type>quarter</type>        <stem default-y="0.5">up</stem>      </note>    </measure>    <!--=======================================================-->    <measure number="7" width="267">      <note default-x="10">        <pitch>          <step>F</step>          <alter>1</alter>          <octave>4</octave>        </pitch>        <duration>2</duration>        <voice>1</voice>        <type>eighth</type>        <stem default-y="0.5">up</stem>        <beam number="1">begin</beam>      </note>      <note default-x="40">        <pitch>          <step>E</step>          <octave>4</octave>        </pitch>        <duration>1</duration>        <voice>1</voice>        <type>16th</type>        <stem default-y="0.5">up</stem>        <beam number="1">continue</beam>        <beam number="2">begin</beam>      </note>      <note default-x="60">        <pitch>          <step>F</step>          <alter>1</alter>          <octave>4</octave>        </pitch>        <duration>1</duration>        <voice>1</voice>        <type>16th</type>        <stem default-y="0.5">up</stem>        <beam number="1">end</beam>        <beam number="2">end</beam>      </note>      <note default-x="79">        <pitch>          <step>G</step>          <octave>4</octave>        </pitch>        <duration>2</duration>        <voice>1</voice>        <type>eighth</type>        <stem default-y="5">up</stem>        <beam number="1">begin</beam>      </note>      <note default-x="109">        <pitch>          <step>A</step>          <octave>4</octave>        </pitch>        <duration>2</duration>        <tie type="start"/>        <voice>1</voice>        <type>eighth</type>        <stem default-y="10">up</stem>        <beam number="1">end</beam>        <notations>          <tied type="start"/>        </notations>      </note>      <note default-x="142">        <pitch>          <step>A</step>          <octave>4</octave>        </pitch>        <duration>2</duration>        <tie type="stop"/>        <voice>1</voice>        <type>eighth</type>        <stem default-y="10">up</stem>        <beam number="1">begin</beam>        <notations>          <tied type="stop"/>        </notations>      </note>      <note default-x="172">        <pitch>          <step>G</step>          <octave>4</octave>        </pitch>        <duration>2</duration>        <voice>1</voice>        <type>eighth</type>        <stem default-y="5">up</stem>        <beam number="1">end</beam>      </note>      <note default-x="202">        <pitch>          <step>G</step>          <octave>4</octave>        </pitch>        <duration>2</duration>        <voice>1</voice>        <type>eighth</type>        <stem default-y="5">up</stem>        <beam number="1">begin</beam>      </note>      <note default-x="231">        <pitch>          <step>F</step>          <alter>1</alter>          <octave>4</octave>        </pitch>        <duration>2</duration>        <voice>1</voice>        <type>eighth</type>        <stem default-y="0.5">up</stem>        <beam number="1">end</beam>      </note>    </measure>    <!--=======================================================-->    <measure number="8" width="136">      <note default-x="12">        <pitch>          <step>D</step>          <octave>4</octave>        </pitch>        <duration>8</duration>        <voice>1</voice>        <type>half</type>        <stem default-y="-10">up</stem>      </note>      <note default-x="57">        <rest/>        <duration>4</duration>        <voice>1</voice>        <type>quarter</type>      </note>      <note default-x="84">        <pitch>          <step>G</step>          <octave>4</octave>        </pitch>        <duration>4</duration>        <voice>1</voice>        <type>quarter</type>        <stem default-y="6">up</stem>      </note>    </measure>    <!--=======================================================-->    <measure number="9" width="210">      <note default-x="13">        <pitch>          <step>G</step>          <octave>4</octave>        </pitch>        <duration>4</duration>        <voice>1</voice>        <type>quarter</type>        <stem default-y="6">up</stem>      </note>      <note default-x="63">        <pitch>          <step>G</step>          <octave>4</octave>        </pitch>        <duration>4</duration>        <voice>1</voice>        <type>quarter</type>        <stem default-y="6">up</stem>      </note>      <note default-x="109">        <pitch>          <step>G</step>          <octave>4</octave>        </pitch>        <duration>2</duration>        <voice>1</voice>        <type>eighth</type>        <stem default-y="5">up</stem>        <beam number="1">begin</beam>      </note>      <note default-x="134">        <pitch>          <step>F</step>          <alter>1</alter>          <octave>4</octave>        </pitch>        <duration>2</duration>        <voice>1</voice>        <type>eighth</type>        <stem default-y="0.5">up</stem>        <beam number="1">end</beam>      </note>      <note default-x="159">        <pitch>          <step>G</step>          <octave>4</octave>        </pitch>        <duration>4</duration>        <voice>1</voice>        <type>quarter</type>        <stem default-y="6">up</stem>      </note>    </measure>    <!--=======================================================-->    <measure number="10" width="137">      <note default-x="12">        <pitch>          <step>G</step>          <octave>4</octave>        </pitch>        <duration>4</duration>        <voice>1</voice>        <type>quarter</type>        <stem default-y="6">up</stem>      </note>      <note default-x="42">        <pitch>          <step>F</step>          <alter>1</alter>          <octave>4</octave>        </pitch>        <duration>4</duration>        <voice>1</voice>        <type>quarter</type>        <stem default-y="0.5">up</stem>      </note>      <note default-x="72">        <rest/>        <duration>4</duration>        <voice>1</voice>        <type>quarter</type>      </note>      <note default-x="105">        <pitch>          <step>F</step>          <alter>1</alter>          <octave>4</octave>        </pitch>        <duration>4</duration>        <voice>1</voice>        <type>quarter</type>        <stem default-y="0.5">up</stem>      </note>    </measure>    <!--=======================================================-->    <measure number="11" width="234">      <note default-x="10">        <pitch>          <step>E</step>          <octave>4</octave>        </pitch>        <duration>4</duration>        <voice>1</voice>        <type>quarter</type>        <stem default-y="-4">up</stem>      </note>      <note default-x="65">        <pitch>          <step>D</step>          <octave>4</octave>        </pitch>        <duration>4</duration>        <voice>1</voice>        <type>quarter</type>        <stem default-y="-10">up</stem>      </note>      <note default-x="120">        <pitch>          <step>E</step>          <octave>4</octave>        </pitch>        <duration>4</duration>        <voice>1</voice>        <type>quarter</type>        <stem default-y="-4">up</stem>      </note>      <note default-x="175">        <pitch>          <step>E</step>          <octave>4</octave>        </pitch>        <duration>4</duration>        <voice>1</voice>        <type>quarter</type>        <stem default-y="-4">up</stem>      </note>    </measure>    <!--=======================================================-->    <measure number="12" width="324">      <print new-system="yes"/>      <note default-x="76">        <pitch>          <step>E</step>          <octave>4</octave>        </pitch>        <duration>8</duration>        <voice>1</voice>        <type>half</type>        <stem default-y="-4">up</stem>      </note>      <note default-x="205">        <pitch>          <step>E</step>          <octave>4</octave>        </pitch>        <duration>4</duration>        <voice>1</voice>        <type>quarter</type>        <stem default-y="-4">up</stem>      </note>      <note default-x="264">        <pitch>          <step>D</step>          <octave>4</octave>        </pitch>        <duration>2</duration>        <voice>1</voice>        <type>eighth</type>        <stem default-y="-10">up</stem>        <beam number="1">begin</beam>      </note>      <note default-x="297">        <pitch>          <step>F</step>          <octave>4</octave>        </pitch>        <duration>2</duration>        <voice>1</voice>        <type>eighth</type>        <accidental>natural</accidental>        <stem default-y="0">up</stem>        <beam number="1">end</beam>      </note>    </measure>    <!--=======================================================-->    <measure number="13" width="212">      <note default-x="10">        <pitch>          <step>E</step>          <octave>4</octave>        </pitch>        <duration>2</duration>        <voice>1</voice>        <type>eighth</type>        <stem default-y="-4">up</stem>      </note>      <note default-x="41">        <pitch>          <step>G</step>          <octave>4</octave>        </pitch>        <duration>4</duration>        <voice>1</voice>        <type>quarter</type>        <stem default-y="5">up</stem>      </note>      <note default-x="84">        <pitch>          <step>F</step>          <alter>1</alter>          <octave>4</octave>        </pitch>        <duration>2</duration>        <voice>1</voice>        <type>eighth</type>        <stem default-y="0.5">up</stem>      </note>      <note default-x="115">        <pitch>          <step>G</step>          <octave>4</octave>        </pitch>        <duration>4</duration>        <voice>1</voice>        <type>quarter</type>        <stem default-y="5">up</stem>      </note>      <note default-x="168">        <pitch>          <step>G</step>          <octave>4</octave>        </pitch>        <duration>4</duration>        <voice>1</voice>        <type>quarter</type>        <stem default-y="5">up</stem>      </note>    </measure>    <!--=======================================================-->    <measure number="14" width="173">      <note default-x="12">        <pitch>          <step>G</step>          <octave>4</octave>        </pitch>        <duration>8</duration>        <voice>1</voice>        <type>half</type>        <stem default-y="5">up</stem>      </note>      <note default-x="80">        <rest/>        <duration>4</duration>        <voice>1</voice>        <type>quarter</type>      </note>      <note default-x="121">        <pitch>          <step>E</step>          <octave>4</octave>        </pitch>        <duration>4</duration>        <tie type="start"/>        <voice>1</voice>        <type>quarter</type>        <stem default-y="-4">up</stem>        <notations>          <tied type="start"/>        </notations>      </note>    </measure>    <!--=======================================================-->    <measure number="15" width="253">      <note default-x="13">        <pitch>          <step>E</step>          <octave>4</octave>        </pitch>        <duration>2</duration>        <tie type="stop"/>        <voice>1</voice>        <type>eighth</type>        <stem default-y="-5">up</stem>        <beam number="1">begin</beam>        <notations>          <tied type="stop"/>        </notations>      </note>      <note default-x="40">        <pitch>          <step>F</step>          <alter>1</alter>          <octave>4</octave>        </pitch>        <duration>2</duration>        <voice>1</voice>        <type>eighth</type>        <stem default-y="0">up</stem>        <beam number="1">end</beam>      </note>      <note default-x="69">        <pitch>          <step>G</step>          <octave>4</octave>        </pitch>        <duration>4</duration>        <tie type="start"/>        <voice>1</voice>        <type>quarter</type>        <stem default-y="5">up</stem>        <notations>          <tied type="start"/>        </notations>      </note>      <note default-x="143">        <pitch>          <step>G</step>          <octave>4</octave>        </pitch>        <duration>2</duration>        <tie type="stop"/>        <voice>1</voice>        <type>eighth</type>        <stem default-y="5">up</stem>        <beam number="1">begin</beam>        <notations>          <tied type="stop"/>        </notations>      </note>      <note default-x="170">        <pitch>          <step>F</step>          <alter>1</alter>          <octave>4</octave>        </pitch>        <duration>2</duration>        <voice>1</voice>        <type>eighth</type>        <stem default-y="0">up</stem>        <beam number="1">end</beam>      </note>      <note default-x="198">        <pitch>          <step>G</step>          <octave>4</octave>        </pitch>        <duration>4</duration>        <voice>1</voice>        <type>quarter</type>        <stem default-y="5">up</stem>      </note>    </measure>    <!--=======================================================-->    <measure number="16" width="229">      <note default-x="14">        <pitch>          <step>G</step>          <octave>4</octave>        </pitch>        <duration>2</duration>        <voice>1</voice>        <type>eighth</type>        <stem default-y="5">up</stem>        <beam number="1">begin</beam>      </note>      <note default-x="42">        <pitch>          <step>F</step>          <alter>1</alter>          <octave>4</octave>        </pitch>        <duration>1</duration>        <voice>1</voice>        <type>16th</type>        <stem default-y="-1">up</stem>        <beam number="1">continue</beam>        <beam number="2">begin</beam>      </note>      <note default-x="64">        <pitch>          <step>E</step>          <octave>4</octave>        </pitch>        <duration>1</duration>        <voice>1</voice>        <type>16th</type>        <stem default-y="-5">up</stem>        <beam number="1">end</beam>        <beam number="2">end</beam>      </note>      <note default-x="96">        <pitch>          <step>F</step>          <alter>1</alter>          <octave>4</octave>        </pitch>        <duration>4</duration>        <voice>1</voice>        <type>quarter</type>        <stem default-y="0.5">up</stem>      </note>      <note default-x="164">        <pitch>          <step>D</step>          <octave>4</octave>        </pitch>        <duration>4</duration>        <voice>1</voice>        <type>quarter</type>        <stem default-y="-10">up</stem>      </note>      <forward>        <duration>4</duration>        <voice>1</voice>      </forward>      <barline location="right">        <bar-style>light-heavy</bar-style>      </barline>    </measure>  </part>  <!--=========================================================-->  <part id="P3">    <measure implicit="yes" number="0" width="205">      <attributes>        <divisions>4</divisions>        <key>          <fifths>1</fifths>          <mode>major</mode>        </key>        <time symbol="common">          <beats>4</beats>          <beat-type>4</beat-type>        </time>        <clef>          <sign>F</sign>          <line>4</line>        </clef>      </attributes>      <sound tempo="90"/>      <note default-x="148">        <pitch>          <step>B</step>          <octave>3</octave>        </pitch>        <duration>2</duration>        <voice>1</voice>        <type>eighth</type>        <stem default-y="-30">down</stem>        <beam number="1">begin</beam>      </note>      <note default-x="179">        <pitch>          <step>A</step>          <octave>3</octave>        </pitch>        <duration>2</duration>        <voice>1</voice>        <type>eighth</type>        <stem default-y="-35">down</stem>        <beam number="1">end</beam>      </note>    </measure>    <!--=======================================================-->    <measure number="1" width="219">      <note default-x="10">        <pitch>          <step>G</step>          <octave>3</octave>        </pitch>        <duration>4</duration>        <voice>1</voice>        <type>quarter</type>        <stem default-y="-40">down</stem>      </note>      <note default-x="65">        <pitch>          <step>F</step>          <alter>1</alter>          <octave>3</octave>        </pitch>        <duration>4</duration>        <voice>1</voice>        <type>quarter</type>        <stem default-y="-45.5">down</stem>      </note>      <note default-x="119">        <pitch>          <step>G</step>          <octave>3</octave>        </pitch>        <duration>4</duration>        <voice>1</voice>        <type>quarter</type>        <stem default-y="-40">down</stem>      </note>      <note default-x="163">        <pitch>          <step>C</step>          <octave>4</octave>        </pitch>        <duration>4</duration>        <voice>1</voice>        <type>quarter</type>        <stem default-y="-25">down</stem>      </note>    </measure>    <!--=======================================================-->    <measure number="2" width="128">      <note default-x="13">        <pitch>          <step>D</step>          <octave>4</octave>        </pitch>        <duration>8</duration>        <voice>1</voice>        <type>half</type>        <stem default-y="-20.5">down</stem>      </note>      <note default-x="62">        <rest/>        <duration>4</duration>        <voice>1</voice>        <type>quarter</type>      </note>      <note default-x="93">        <pitch>          <step>D</step>          <octave>4</octave>        </pitch>        <duration>4</duration>        <voice>1</voice>        <type>quarter</type>        <stem default-y="-20.5">down</stem>      </note>    </measure>    <!--=======================================================-->    <measure number="3" width="279">      <note default-x="13">        <pitch>          <step>C</step>          <octave>4</octave>        </pitch>        <duration>4</duration>        <voice>1</voice>        <type>quarter</type>        <stem default-y="-25">down</stem>      </note>      <note default-x="78">        <pitch>          <step>D</step>          <octave>4</octave>        </pitch>        <duration>4</duration>        <voice>1</voice>        <type>quarter</type>        <stem default-y="-20.5">down</stem>      </note>      <note default-x="140">        <pitch>          <step>E</step>          <octave>4</octave>        </pitch>        <duration>2</duration>        <voice>1</voice>        <type>eighth</type>        <stem default-y="-15">down</stem>        <beam number="1">begin</beam>      </note>      <note default-x="173">        <pitch>          <step>D</step>          <octave>4</octave>        </pitch>        <duration>1</duration>        <voice>1</voice>        <type>16th</type>        <stem default-y="-21">down</stem>        <beam number="1">continue</beam>        <beam number="2">begin</beam>      </note>      <note default-x="196">        <pitch>          <step>C</step>          <octave>4</octave>        </pitch>        <duration>1</duration>        <voice>1</voice>        <type>16th</type>        <stem default-y="-25">down</stem>        <beam number="1">end</beam>        <beam number="2">end</beam>      </note>      <note default-x="219">        <pitch>          <step>D</step>          <octave>4</octave>        </pitch>        <duration>4</duration>        <voice>1</voice>        <type>quarter</type>        <stem default-y="-20.5">down</stem>      </note>    </measure>    <!--=======================================================-->    <measure number="4" width="137">      <note default-x="13">        <pitch>          <step>D</step>          <octave>4</octave>        </pitch>        <duration>8</duration>        <voice>1</voice>        <type>half</type>        <stem default-y="-20.5">down</stem>      </note>      <note default-x="69">        <rest/>        <duration>4</duration>        <voice>1</voice>        <type>quarter</type>      </note>      <note default-x="103">        <pitch>          <step>B</step>          <octave>3</octave>        </pitch>        <duration>4</duration>        <voice>1</voice>        <type>quarter</type>        <stem default-y="-30">down</stem>      </note>    </measure>    <!--=======================================================-->    <measure number="5" width="222">      <note default-x="12">        <pitch>          <step>C</step>          <octave>4</octave>        </pitch>        <duration>4</duration>        <voice>1</voice>        <type>quarter</type>        <stem default-y="-25">down</stem>      </note>      <note default-x="65">        <pitch>          <step>D</step>          <octave>4</octave>        </pitch>        <duration>4</duration>        <voice>1</voice>        <type>quarter</type>        <stem default-y="-20.5">down</stem>      </note>      <note default-x="117">        <pitch>          <step>D</step>          <octave>4</octave>        </pitch>        <duration>6</duration>        <voice>1</voice>        <type>quarter</type>        <dot/>        <stem default-y="-20.5">down</stem>      </note>      <note default-x="195">        <pitch>          <step>C</step>          <alter>1</alter>          <octave>4</octave>        </pitch>        <duration>2</duration>        <voice>1</voice>        <type>eighth</type>        <accidental>sharp</accidental>        <stem default-y="-25">down</stem>      </note>    </measure>    <!--=======================================================-->    <measure number="6" width="205">      <print new-system="yes"/>      <note default-x="82">        <pitch>          <step>F</step>          <alter>1</alter>          <octave>4</octave>        </pitch>        <duration>8</duration>        <voice>1</voice>        <type>half</type>        <stem default-y="-20.5">down</stem>      </note>      <note default-x="129">        <rest/>        <duration>4</duration>        <voice>1</voice>        <type>quarter</type>      </note>      <note default-x="175">        <pitch>          <step>B</step>          <octave>3</octave>        </pitch>        <duration>4</duration>        <voice>1</voice>        <type>quarter</type>        <stem default-y="-30">down</stem>      </note>    </measure>    <!--=======================================================-->    <measure number="7" width="267">      <note default-x="10">        <pitch>          <step>B</step>          <octave>3</octave>        </pitch>        <duration>4</duration>        <voice>1</voice>        <type>quarter</type>        <stem default-y="-30">down</stem>      </note>      <note default-x="79">        <pitch>          <step>E</step>          <octave>4</octave>        </pitch>        <duration>2</duration>        <voice>1</voice>        <type>eighth</type>        <stem default-y="-15">down</stem>        <beam number="1">begin</beam>      </note>      <note default-x="109">        <pitch>          <step>D</step>          <octave>4</octave>        </pitch>        <duration>2</duration>        <voice>1</voice>        <type>eighth</type>        <stem default-y="-20">down</stem>        <beam number="1">end</beam>      </note>      <note default-x="142">        <pitch>          <step>D</step>          <octave>4</octave>        </pitch>        <duration>4</duration>        <voice>1</voice>        <type>quarter</type>        <stem default-y="-20.5">down</stem>      </note>      <note default-x="202">        <pitch>          <step>D</step>          <octave>4</octave>        </pitch>        <duration>3</duration>        <voice>1</voice>        <type>eighth</type>        <dot/>        <stem default-y="-20">down</stem>        <beam number="1">begin</beam>      </note>      <note default-x="246">        <pitch>          <step>C</step>          <octave>4</octave>        </pitch>        <duration>1</duration>        <voice>1</voice>        <type>16th</type>        <stem default-y="-24.5">down</stem>        <beam number="1">end</beam>        <beam number="2">backward hook</beam>      </note>    </measure>    <!--=======================================================-->    <measure number="8" width="136">      <note default-x="12">        <pitch>          <step>B</step>          <octave>3</octave>        </pitch>        <duration>8</duration>        <voice>1</voice>        <type>half</type>        <stem default-y="-30">down</stem>      </note>      <note default-x="57">        <rest/>        <duration>4</duration>        <voice>1</voice>        <type>quarter</type>      </note>      <note default-x="84">        <pitch>          <step>D</step>          <octave>4</octave>        </pitch>        <duration>4</duration>        <voice>1</voice>        <type>quarter</type>        <stem default-y="-20.5">down</stem>      </note>    </measure>    <!--=======================================================-->    <measure number="9" width="210">      <note default-x="13">        <pitch>          <step>D</step>          <octave>4</octave>        </pitch>        <duration>2</duration>        <voice>1</voice>        <type>eighth</type>        <stem default-y="-20">down</stem>        <beam number="1">begin</beam>      </note>      <note default-x="38">        <pitch>          <step>C</step>          <octave>4</octave>        </pitch>        <duration>2</duration>        <voice>1</voice>        <type>eighth</type>        <stem default-y="-24.5">down</stem>        <beam number="1">end</beam>      </note>      <note default-x="63">        <pitch>          <step>B</step>          <octave>3</octave>        </pitch>        <duration>4</duration>        <voice>1</voice>        <type>quarter</type>        <stem default-y="-30">down</stem>      </note>      <note default-x="109">        <pitch>          <step>C</step>          <octave>4</octave>        </pitch>        <duration>4</duration>        <voice>1</voice>        <type>quarter</type>        <stem default-y="-25">down</stem>      </note>      <note default-x="159">        <pitch>          <step>D</step>          <octave>4</octave>        </pitch>        <duration>4</duration>        <voice>1</voice>        <type>quarter</type>        <stem default-y="-20.5">down</stem>      </note>    </measure>    <!--=======================================================-->    <measure number="10" width="137">      <note default-x="12">        <pitch>          <step>D</step>          <octave>4</octave>        </pitch>        <duration>8</duration>        <voice>1</voice>        <type>half</type>        <stem default-y="-20.5">down</stem>      </note>      <note default-x="72">        <rest/>        <duration>4</duration>        <voice>1</voice>        <type>quarter</type>      </note>      <note default-x="105">        <pitch>          <step>B</step>          <octave>3</octave>        </pitch>        <duration>4</duration>        <voice>1</voice>        <type>quarter</type>        <stem default-y="-30">down</stem>      </note>    </measure>    <!--=======================================================-->    <measure number="11" width="234">      <note default-x="10">        <pitch>          <step>B</step>          <octave>3</octave>        </pitch>        <duration>2</duration>        <voice>1</voice>        <type>eighth</type>        <stem default-y="-30">down</stem>        <beam number="1">begin</beam>      </note>      <note default-x="37">        <pitch>          <step>C</step>          <octave>4</octave>        </pitch>        <duration>2</duration>        <voice>1</voice>        <type>eighth</type>        <stem default-y="-24.5">down</stem>        <beam number="1">end</beam>      </note>      <note default-x="65">        <pitch>          <step>D</step>          <octave>4</octave>        </pitch>        <duration>4</duration>        <voice>1</voice>        <type>quarter</type>        <stem default-y="-20.5">down</stem>      </note>      <note default-x="120">        <pitch>          <step>C</step>          <octave>4</octave>        </pitch>        <duration>4</duration>        <voice>1</voice>        <type>quarter</type>        <stem default-y="-25">down</stem>      </note>      <note default-x="175">        <pitch>          <step>B</step>          <octave>3</octave>        </pitch>        <duration>4</duration>        <tie type="start"/>        <voice>1</voice>        <type>quarter</type>        <stem default-y="-30">down</stem>        <notations>          <tied type="start"/>        </notations>      </note>    </measure>    <!--=======================================================-->    <measure number="12" width="324">      <print new-system="yes"/>      <note default-x="76">        <pitch>          <step>B</step>          <octave>3</octave>        </pitch>        <duration>2</duration>        <tie type="stop"/>        <voice>1</voice>        <type>eighth</type>        <stem default-y="-30">down</stem>        <beam number="1">begin</beam>        <notations>          <tied type="stop"/>        </notations>      </note>      <note default-x="102">        <pitch>          <step>A</step>          <octave>3</octave>        </pitch>        <duration>1</duration>        <voice>1</voice>        <type>16th</type>        <stem default-y="-35">down</stem>        <beam number="1">continue</beam>        <beam number="2">begin</beam>      </note>      <note default-x="133">        <pitch>          <step>G</step>          <alter>1</alter>          <octave>3</octave>        </pitch>        <duration>1</duration>        <voice>1</voice>        <type>16th</type>        <accidental>sharp</accidental>        <stem default-y="-40">down</stem>        <beam number="1">end</beam>        <beam number="2">end</beam>      </note>      <note default-x="152">        <pitch>          <step>A</step>          <octave>3</octave>        </pitch>        <duration>4</duration>        <voice>1</voice>        <type>quarter</type>        <stem default-y="-35">down</stem>      </note>      <note default-x="205">        <pitch>          <step>A</step>          <octave>3</octave>        </pitch>        <duration>2</duration>        <voice>1</voice>        <type>eighth</type>        <stem default-y="-35">down</stem>        <beam number="1">begin</beam>      </note>      <note default-x="232">        <pitch>          <step>G</step>          <alter>1</alter>          <octave>3</octave>        </pitch>        <duration>2</duration>        <voice>1</voice>        <type>eighth</type>        <stem default-y="-40">down</stem>        <beam number="1">end</beam>      </note>      <note default-x="264">        <pitch>          <step>G</step>          <octave>3</octave>        </pitch>        <duration>4</duration>        <voice>1</voice>        <type>quarter</type>        <accidental>natural</accidental>        <stem default-y="-40">down</stem>      </note>    </measure>    <!--=======================================================-->    <measure number="13" width="212">      <note default-x="10">        <pitch>          <step>G</step>          <octave>3</octave>        </pitch>        <duration>4</duration>        <voice>1</voice>        <type>quarter</type>        <stem default-y="-40">down</stem>      </note>      <note default-x="62">        <pitch>          <step>D</step>          <octave>4</octave>        </pitch>        <duration>4</duration>        <voice>1</voice>        <type>quarter</type>        <stem default-y="-20">down</stem>      </note>      <note default-x="115">        <pitch>          <step>D</step>          <octave>4</octave>        </pitch>        <duration>4</duration>        <voice>1</voice>        <type>quarter</type>        <stem default-y="-20">down</stem>      </note>      <note default-x="168">        <pitch>          <step>E</step>          <octave>4</octave>        </pitch>        <duration>4</duration>        <voice>1</voice>        <type>quarter</type>        <stem default-y="-20">down</stem>      </note>    </measure>    <!--=======================================================-->    <measure number="14" width="173">      <note default-x="12">        <pitch>          <step>D</step>          <octave>4</octave>        </pitch>        <duration>8</duration>        <voice>1</voice>        <type>half</type>        <stem default-y="-20">down</stem>      </note>      <note default-x="80">        <rest/>        <duration>4</duration>        <voice>1</voice>        <type>quarter</type>      </note>      <note default-x="121">        <pitch>          <step>B</step>          <octave>3</octave>        </pitch>        <duration>4</duration>        <voice>1</voice>        <type>quarter</type>        <stem default-y="-30.5">down</stem>      </note>    </measure>    <!--=======================================================-->    <measure number="15" width="253">      <note default-x="13">        <pitch>          <step>C</step>          <octave>4</octave>        </pitch>        <duration>2</duration>        <voice>1</voice>        <type>eighth</type>        <stem default-y="-25">down</stem>        <beam number="1">begin</beam>      </note>      <note default-x="40">        <pitch>          <step>D</step>          <octave>4</octave>        </pitch>        <duration>2</duration>        <voice>1</voice>        <type>eighth</type>        <stem default-y="-20">down</stem>        <beam number="1">end</beam>      </note>      <note default-x="69">        <pitch>          <step>D</step>          <octave>4</octave>        </pitch>        <duration>2</duration>        <voice>1</voice>        <type>eighth</type>        <stem default-y="-20">down</stem>        <beam number="1">begin</beam>      </note>      <note default-x="97">        <pitch>          <step>E</step>          <octave>4</octave>        </pitch>        <duration>1</duration>        <voice>1</voice>        <type>16th</type>        <stem default-y="-20">down</stem>        <beam number="1">continue</beam>        <beam number="2">begin</beam>      </note>      <note default-x="120">        <pitch>          <step>D</step>          <octave>4</octave>        </pitch>        <duration>1</duration>        <voice>1</voice>        <type>16th</type>        <stem default-y="-20">down</stem>        <beam number="1">end</beam>        <beam number="2">end</beam>      </note>      <note default-x="143">        <pitch>          <step>C</step>          <octave>4</octave>        </pitch>        <duration>4</duration>        <voice>1</voice>        <type>quarter</type>        <stem default-y="-25">down</stem>      </note>      <note default-x="198">        <pitch>          <step>D</step>          <octave>4</octave>        </pitch>        <duration>4</duration>        <voice>1</voice>        <type>quarter</type>        <stem default-y="-20">down</stem>      </note>    </measure>    <!--=======================================================-->    <measure number="16" width="229">      <note default-x="14">        <pitch>          <step>E</step>          <octave>4</octave>        </pitch>        <duration>4</duration>        <voice>1</voice>        <type>quarter</type>        <stem default-y="-20">down</stem>      </note>      <note default-x="96">        <pitch>          <step>D</step>          <octave>4</octave>        </pitch>        <duration>3</duration>        <voice>1</voice>        <type>eighth</type>        <dot/>        <stem default-y="-20">down</stem>        <beam number="1">begin</beam>      </note>      <note default-x="134">        <pitch>          <step>C</step>          <octave>4</octave>        </pitch>        <duration>1</duration>        <voice>1</voice>        <type>16th</type>        <stem default-y="-25">down</stem>        <beam number="1">end</beam>        <beam number="2">backward hook</beam>      </note>      <note default-x="164">        <pitch>          <step>B</step>          <octave>3</octave>        </pitch>        <duration>4</duration>        <voice>1</voice>        <type>quarter</type>        <stem default-y="-30.5">down</stem>      </note>      <forward>        <duration>4</duration>        <voice>1</voice>      </forward>      <barline location="right">        <bar-style>light-heavy</bar-style>      </barline>    </measure>  </part>  <!--=========================================================-->  <part id="P4">    <measure implicit="yes" number="0" width="205">      <attributes>        <divisions>2</divisions>        <key>          <fifths>1</fifths>          <mode>major</mode>        </key>        <time symbol="common">          <beats>4</beats>          <beat-type>4</beat-type>        </time>        <clef>          <sign>F</sign>          <line>4</line>        </clef>      </attributes>      <sound tempo="90"/>      <note default-x="148">        <pitch>          <step>G</step>          <octave>2</octave>        </pitch>        <duration>1</duration>        <voice>1</voice>        <type>eighth</type>        <stem default-y="-5">up</stem>        <beam number="1">begin</beam>      </note>      <note default-x="179">        <pitch>          <step>A</step>          <octave>2</octave>        </pitch>        <duration>1</duration>        <voice>1</voice>        <type>eighth</type>        <stem default-y="0">up</stem>        <beam number="1">end</beam>      </note>    </measure>    <!--=======================================================-->    <measure number="1" width="219">      <note default-x="10">        <pitch>          <step>B</step>          <octave>2</octave>        </pitch>        <duration>1</duration>        <voice>1</voice>        <type>eighth</type>        <stem default-y="5">up</stem>        <beam number="1">begin</beam>      </note>      <note default-x="38">        <pitch>          <step>C</step>          <octave>3</octave>        </pitch>        <duration>1</duration>        <voice>1</voice>        <type>eighth</type>        <stem default-y="10">up</stem>        <beam number="1">end</beam>      </note>      <note default-x="65">        <pitch>          <step>D</step>          <octave>3</octave>        </pitch>        <duration>1</duration>        <voice>1</voice>        <type>eighth</type>        <stem default-y="15">up</stem>        <beam number="1">begin</beam>      </note>      <note default-x="92">        <pitch>          <step>C</step>          <octave>3</octave>        </pitch>        <duration>1</duration>        <voice>1</voice>        <type>eighth</type>        <stem default-y="10">up</stem>        <beam number="1">end</beam>      </note>      <note default-x="119">        <pitch>          <step>B</step>          <octave>2</octave>        </pitch>        <duration>2</duration>        <voice>1</voice>        <type>quarter</type>        <stem default-y="6">up</stem>      </note>      <note default-x="163">        <pitch>          <step>A</step>          <octave>2</octave>        </pitch>        <duration>2</duration>        <voice>1</voice>        <type>quarter</type>        <stem default-y="0">up</stem>      </note>    </measure>    <!--=======================================================-->    <measure number="2" width="128">      <note default-x="13">        <pitch>          <step>G</step>          <octave>2</octave>        </pitch>        <duration>4</duration>        <voice>1</voice>        <type>half</type>        <stem default-y="-4.5">up</stem>      </note>      <note default-x="62">        <rest/>        <duration>2</duration>        <voice>1</voice>        <type>quarter</type>      </note>      <note default-x="93">        <pitch>          <step>B</step>          <octave>2</octave>        </pitch>        <duration>2</duration>        <voice>1</voice>        <type>quarter</type>        <stem default-y="6">up</stem>      </note>    </measure>    <!--=======================================================-->    <measure number="3" width="279">      <note default-x="13">        <pitch>          <step>C</step>          <octave>3</octave>        </pitch>        <duration>3</duration>        <voice>1</voice>        <type>quarter</type>        <dot/>        <stem default-y="10.5">up</stem>      </note>      <note default-x="104">        <pitch>          <step>B</step>          <octave>2</octave>        </pitch>        <duration>1</duration>        <voice>1</voice>        <type>eighth</type>        <stem default-y="6">up</stem>      </note>      <note default-x="140">        <pitch>          <step>A</step>          <octave>2</octave>        </pitch>        <duration>2</duration>        <voice>1</voice>        <type>quarter</type>        <stem default-y="0">up</stem>      </note>      <note default-x="219">        <pitch>          <step>D</step>          <octave>2</octave>        </pitch>        <duration>2</duration>        <voice>1</voice>        <type>quarter</type>        <stem default-y="-19">up</stem>      </note>    </measure>    <!--=======================================================-->    <measure number="4" width="137">      <note default-x="13">        <pitch>          <step>G</step>          <octave>2</octave>        </pitch>        <duration>4</duration>        <voice>1</voice>        <type>half</type>        <stem default-y="-4.5">up</stem>      </note>      <note default-x="69">        <rest/>        <duration>2</duration>        <voice>1</voice>        <type>quarter</type>      </note>      <note default-x="103">        <pitch>          <step>G</step>          <octave>2</octave>        </pitch>        <duration>2</duration>        <voice>1</voice>        <type>quarter</type>        <stem default-y="-4.5">up</stem>      </note>    </measure>    <!--=======================================================-->    <measure number="5" width="222">      <note default-x="12">        <pitch>          <step>A</step>          <octave>2</octave>        </pitch>        <duration>2</duration>        <voice>1</voice>        <type>quarter</type>        <stem default-y="0">up</stem>      </note>      <note default-x="65">        <pitch>          <step>B</step>          <octave>2</octave>        </pitch>        <duration>1</duration>        <voice>1</voice>        <type>eighth</type>        <stem default-y="5">up</stem>        <beam number="1">begin</beam>      </note>      <note default-x="91">        <pitch>          <step>C</step>          <octave>3</octave>        </pitch>        <duration>1</duration>        <voice>1</voice>        <type>eighth</type>        <stem default-y="10">up</stem>        <beam number="1">end</beam>      </note>      <note default-x="117">        <pitch>          <step>D</step>          <octave>3</octave>        </pitch>        <duration>2</duration>        <voice>1</voice>        <type>quarter</type>        <stem default-y="-55">down</stem>      </note>      <note default-x="169">        <pitch>          <step>E</step>          <octave>3</octave>        </pitch>        <duration>2</duration>        <voice>1</voice>        <type>quarter</type>        <stem default-y="-50">down</stem>      </note>    </measure>    <!--=======================================================-->    <measure number="6" width="205">      <print new-system="yes"/>      <note default-x="82">        <pitch>          <step>D</step>          <octave>3</octave>        </pitch>        <duration>4</duration>        <voice>1</voice>        <type>half</type>        <stem default-y="-55">down</stem>      </note>      <note default-x="129">        <rest/>        <duration>2</duration>        <voice>1</voice>        <type>quarter</type>      </note>      <note default-x="175">        <pitch>          <step>D</step>          <alter>1</alter>          <octave>3</octave>        </pitch>        <duration>2</duration>        <voice>1</voice>        <type>quarter</type>        <accidental>sharp</accidental>        <stem default-y="-55">down</stem>      </note>    </measure>    <!--=======================================================-->    <measure number="7" width="267">      <note default-x="10">        <pitch>          <step>E</step>          <octave>3</octave>        </pitch>        <duration>3</duration>        <voice>1</voice>        <type>quarter</type>        <dot/>        <stem default-y="-50">down</stem>      </note>      <note default-x="109">        <pitch>          <step>F</step>          <alter>1</alter>          <octave>3</octave>        </pitch>        <duration>1</duration>        <voice>1</voice>        <type>eighth</type>        <stem default-y="-45.5">down</stem>      </note>      <note default-x="142">        <pitch>          <step>G</step>          <octave>3</octave>        </pitch>        <duration>2</duration>        <voice>1</voice>        <type>quarter</type>        <stem default-y="-40">down</stem>      </note>      <note default-x="202">        <pitch>          <step>D</step>          <octave>3</octave>        </pitch>        <duration>2</duration>        <voice>1</voice>        <type>quarter</type>        <stem default-y="-55">down</stem>      </note>    </measure>    <!--=======================================================-->    <measure number="8" width="136">      <note default-x="12">        <pitch>          <step>G</step>          <octave>2</octave>        </pitch>        <duration>4</duration>        <voice>1</voice>        <type>half</type>        <stem default-y="-4">up</stem>      </note>      <note default-x="57">        <rest/>        <duration>2</duration>        <voice>1</voice>        <type>quarter</type>      </note>      <note default-x="84">        <pitch>          <step>G</step>          <octave>2</octave>        </pitch>        <duration>1</duration>        <voice>1</voice>        <type>eighth</type>        <stem default-y="-5">up</stem>        <beam number="1">begin</beam>      </note>      <note default-x="115">        <pitch>          <step>A</step>          <octave>2</octave>        </pitch>        <duration>1</duration>        <voice>1</voice>        <type>eighth</type>        <stem default-y="0.5">up</stem>        <beam number="1">end</beam>      </note>    </measure>    <!--=======================================================-->    <measure number="9" width="210">      <note default-x="13">        <pitch>          <step>B</step>          <octave>2</octave>        </pitch>        <duration>3</duration>        <voice>1</voice>        <type>quarter</type>        <dot/>        <stem default-y="6">up</stem>      </note>      <note default-x="84">        <pitch>          <step>E</step>          <octave>3</octave>        </pitch>        <duration>1</duration>        <voice>1</voice>        <type>eighth</type>        <stem default-y="-50">down</stem>      </note>      <note default-x="109">        <pitch>          <step>A</step>          <octave>2</octave>        </pitch>        <duration>2</duration>        <voice>1</voice>        <type>quarter</type>        <stem default-y="0.5">up</stem>      </note>      <note default-x="159">        <pitch>          <step>B</step>          <octave>2</octave>        </pitch>        <duration>1</duration>        <voice>1</voice>        <type>eighth</type>        <stem default-y="5">up</stem>        <beam number="1">begin</beam>      </note>      <note default-x="184">        <pitch>          <step>C</step>          <octave>3</octave>        </pitch>        <duration>1</duration>        <voice>1</voice>        <type>eighth</type>        <stem default-y="10">up</stem>        <beam number="1">end</beam>      </note>    </measure>    <!--=======================================================-->    <measure number="10" width="137">      <note default-x="12">        <pitch>          <step>D</step>          <octave>3</octave>        </pitch>        <duration>4</duration>        <voice>1</voice>        <type>half</type>        <stem default-y="-55">down</stem>      </note>      <note default-x="72">        <rest/>        <duration>2</duration>        <voice>1</voice>        <type>quarter</type>      </note>      <note default-x="105">        <pitch>          <step>D</step>          <alter>1</alter>          <octave>3</octave>        </pitch>        <duration>2</duration>        <voice>1</voice>        <type>quarter</type>        <accidental>sharp</accidental>        <stem default-y="-55">down</stem>      </note>    </measure>    <!--=======================================================-->    <measure number="11" width="234">      <note default-x="10">        <pitch>          <step>E</step>          <octave>3</octave>        </pitch>        <duration>1</duration>        <voice>1</voice>        <type>eighth</type>        <stem default-y="-49.5">down</stem>        <beam number="1">begin</beam>      </note>      <note default-x="37">        <pitch>          <step>D</step>          <octave>3</octave>        </pitch>        <duration>1</duration>        <voice>1</voice>        <type>eighth</type>        <stem default-y="-55">down</stem>        <beam number="1">end</beam>      </note>      <note default-x="65">        <pitch>          <step>C</step>          <octave>3</octave>        </pitch>        <duration>1</duration>        <voice>1</voice>        <type>eighth</type>        <stem default-y="10">up</stem>        <beam number="1">begin</beam>      </note>      <note default-x="93">        <pitch>          <step>B</step>          <octave>2</octave>        </pitch>        <duration>1</duration>        <voice>1</voice>        <type>eighth</type>        <stem default-y="5">up</stem>        <beam number="1">end</beam>      </note>      <note default-x="120">        <pitch>          <step>C</step>          <octave>3</octave>        </pitch>        <duration>1</duration>        <voice>1</voice>        <type>eighth</type>        <stem default-y="10">up</stem>        <beam number="1">begin</beam>      </note>      <note default-x="148">        <pitch>          <step>B</step>          <octave>2</octave>        </pitch>        <duration>1</duration>        <voice>1</voice>        <type>eighth</type>        <stem default-y="5">up</stem>        <beam number="1">end</beam>      </note>      <note default-x="175">        <pitch>          <step>A</step>          <octave>2</octave>        </pitch>        <duration>1</duration>        <voice>1</voice>        <type>eighth</type>        <stem default-y="0.5">up</stem>        <beam number="1">begin</beam>      </note>      <note default-x="206">        <pitch>          <step>G</step>          <alter>1</alter>          <octave>2</octave>        </pitch>        <duration>1</duration>        <voice>1</voice>        <type>eighth</type>        <accidental>sharp</accidental>        <stem default-y="-5">up</stem>        <beam number="1">end</beam>      </note>    </measure>    <!--=======================================================-->    <measure number="12" width="324">      <print new-system="yes"/>      <note default-x="76">        <pitch>          <step>A</step>          <octave>2</octave>        </pitch>        <duration>1</duration>        <voice>1</voice>        <type>eighth</type>        <stem default-y="0">up</stem>        <beam number="1">begin</beam>      </note>      <note default-x="102">        <pitch>          <step>B</step>          <octave>2</octave>        </pitch>        <duration>1</duration>        <voice>1</voice>        <type>eighth</type>        <stem default-y="5">up</stem>        <beam number="1">end</beam>      </note>      <note default-x="152">        <pitch>          <step>C</step>          <octave>3</octave>        </pitch>        <duration>1</duration>        <voice>1</voice>        <type>eighth</type>        <stem default-y="10">up</stem>        <beam number="1">begin</beam>      </note>      <note default-x="179">        <pitch>          <step>D</step>          <octave>3</octave>        </pitch>        <duration>1</duration>        <voice>1</voice>        <type>eighth</type>        <stem default-y="15">up</stem>        <beam number="1">end</beam>      </note>      <note default-x="205">        <pitch>          <step>E</step>          <octave>3</octave>        </pitch>        <duration>2</duration>        <voice>1</voice>        <type>quarter</type>        <stem default-y="-50">down</stem>      </note>      <note default-x="264">        <pitch>          <step>B</step>          <octave>2</octave>        </pitch>        <duration>2</duration>        <voice>1</voice>        <type>quarter</type>        <stem default-y="5">up</stem>      </note>    </measure>    <!--=======================================================-->    <measure number="13" width="212">      <note default-x="10">        <pitch>          <step>C</step>          <octave>3</octave>        </pitch>        <duration>2</duration>        <voice>1</voice>        <type>quarter</type>        <stem default-y="10.5">up</stem>      </note>      <note default-x="62">        <pitch>          <step>D</step>          <octave>3</octave>        </pitch>        <duration>2</duration>        <voice>1</voice>        <type>quarter</type>        <stem default-y="-55.5">down</stem>      </note>      <note default-x="115">        <pitch>          <step>G</step>          <octave>3</octave>        </pitch>        <duration>1</duration>        <voice>1</voice>        <type>eighth</type>        <stem default-y="-40">down</stem>        <beam number="1">begin</beam>      </note>      <note default-x="141">        <pitch>          <step>F</step>          <alter>1</alter>          <octave>3</octave>        </pitch>        <duration>1</duration>        <voice>1</voice>        <type>eighth</type>        <stem default-y="-45">down</stem>        <beam number="1">end</beam>      </note>      <note default-x="168">        <pitch>          <step>E</step>          <octave>3</octave>        </pitch>        <duration>2</duration>        <voice>1</voice>        <type>quarter</type>        <stem default-y="-50">down</stem>      </note>    </measure>    <!--=======================================================-->    <measure number="14" width="173">      <note default-x="12">        <pitch>          <step>B</step>          <octave>2</octave>        </pitch>        <duration>4</duration>        <voice>1</voice>        <type>half</type>        <stem default-y="5">up</stem>      </note>      <note default-x="80">        <rest/>        <duration>2</duration>        <voice>1</voice>        <type>quarter</type>      </note>      <note default-x="121">        <pitch>          <step>E</step>          <octave>3</octave>        </pitch>        <duration>1</duration>        <voice>1</voice>        <type>eighth</type>        <stem default-y="-50">down</stem>        <beam number="1">begin</beam>      </note>      <note default-x="146">        <pitch>          <step>D</step>          <octave>3</octave>        </pitch>        <duration>1</duration>        <voice>1</voice>        <type>eighth</type>        <stem default-y="-55">down</stem>        <beam number="1">end</beam>      </note>    </measure>    <!--=======================================================-->    <measure number="15" width="253">      <note default-x="13">        <pitch>          <step>C</step>          <octave>3</octave>        </pitch>        <duration>2</duration>        <voice>1</voice>        <type>quarter</type>        <stem default-y="10.5">up</stem>      </note>      <note default-x="69">        <pitch>          <step>B</step>          <octave>2</octave>        </pitch>        <duration>1</duration>        <voice>1</voice>        <type>eighth</type>        <stem default-y="10">up</stem>        <beam number="1">begin</beam>      </note>      <note default-x="97">        <pitch>          <step>E</step>          <octave>3</octave>        </pitch>        <duration>1</duration>        <voice>1</voice>        <type>eighth</type>        <stem default-y="20">up</stem>        <beam number="1">end</beam>      </note>      <note default-x="143">        <pitch>          <step>A</step>          <octave>2</octave>        </pitch>        <duration>2</duration>        <voice>1</voice>        <type>quarter</type>        <stem default-y="0.5">up</stem>      </note>      <note default-x="198">        <pitch>          <step>B</step>          <octave>2</octave>        </pitch>        <duration>1</duration>        <voice>1</voice>        <type>eighth</type>        <stem default-y="5">up</stem>        <beam number="1">begin</beam>      </note>      <note default-x="225">        <pitch>          <step>G</step>          <octave>2</octave>        </pitch>        <duration>1</duration>        <voice>1</voice>        <type>eighth</type>        <stem default-y="-5">up</stem>        <beam number="1">end</beam>      </note>    </measure>    <!--=======================================================-->    <measure number="16" width="229">      <note default-x="14">        <pitch>          <step>C</step>          <octave>3</octave>        </pitch>        <duration>2</duration>        <voice>1</voice>        <type>quarter</type>        <stem default-y="10.5">up</stem>      </note>      <note default-x="96">        <pitch>          <step>D</step>          <octave>3</octave>        </pitch>        <duration>2</duration>        <voice>1</voice>        <type>quarter</type>        <stem default-y="-55.5">down</stem>      </note>      <note default-x="164">        <pitch>          <step>G</step>          <octave>2</octave>        </pitch>        <duration>2</duration>        <voice>1</voice>        <type>quarter</type>        <stem default-y="-4">up</stem>      </note>      <forward>        <duration>2</duration>        <voice>1</voice>      </forward>      <barline location="right">        <bar-style>light-heavy</bar-style>      </barline>    </measure>  </part>  <!--=========================================================--></score-partwise>