{"ref": "all:composers:corelli:opus3:corelli_3_1_2", "title": "Sonata 1", "composer": "Corelli, Arcangelo", "features": [{"feature_key": "key_tonic_name", "feature_value": "F"}, {"feature_key": "key_mode", "feature_value": "major"}, {"feature_key": "num_of_parts", "feature_value": "3"}, {"feature_key": "num_of_measures", "feature_value": "114"}, {"feature_key": "instruments", "feature_value": "[None]"}, {"feature_key": "lowest_pitch_each_part", "feature_value": "{\"part1\": \"C4\", \"part2\": \"C4\", \"part3\": \"C2\"}"}, {"feature_key": "highest_pitch_each_part", "feature_value": "{\"part1\": \"D6\", \"part2\": \"C6\", \"part3\": \"F4\"}"}, {"feature_key": "average_melodic_interval", "feature_value": "3.1014040561622465"}, {"feature_key": "direction_of_motion", "feature_value": "0.41156462585034015"}, {"feature_key": "most_common_note_quarter_length", "feature_value": "0.25"}, {"feature_key": "range_note_quarter_length", "feature_value": "3.875"}, {"feature_key": "initial_time_signature", "feature_value": "[4, 4]"}, {"feature_key": "composer", "feature_value": "https://dbpedia.org/resource/Arcangelo_Corelli"}], "sources": [], "files": [{"name": "score.xml", "url": "http://localhost:8000/media/corpora/all/composers/corelli/opus3/corelli_3_1_2/score.xml"}, {"name": "mei.xml", "url": "http://localhost:8000/media/corpora/all/composers/corelli/opus3/corelli_3_1_2/mei.xml"}, {"name": "summary.json", "url": "http://localhost:8000/media/corpora/all/composers/corelli/opus3/corelli_3_1_2/summary.json"}]}