{"ref": "all:composers:corelli:opus1:op01n10a", "title": "Sonate a tre [in g]", "composer": null, "features": [{"feature_key": "key_tonic_name", "feature_value": "G"}, {"feature_key": "key_mode", "feature_value": "minor"}, {"feature_key": "num_of_parts", "feature_value": "4"}, {"feature_key": "num_of_measures", "feature_value": "52"}, {"feature_key": "instruments", "feature_value": "['Violin', 'Violoncello', 'Pipe Organ']"}, {"feature_key": "lowest_pitch_each_part", "feature_value": "{\"part1\": \"G4\", \"part2\": \"D4\", \"part3\": \"G2\", \"part4\": \"G2\"}"}, {"feature_key": "highest_pitch_each_part", "feature_value": "{\"part1\": \"G5\", \"part2\": \"G5\", \"part3\": \"B-3\", \"part4\": \"B-3\"}"}, {"feature_key": "average_melodic_interval", "feature_value": "2.935251798561151"}, {"feature_key": "direction_of_motion", "feature_value": "0.39855072463768115"}, {"feature_key": "most_common_note_quarter_length", "feature_value": "1.0"}, {"feature_key": "range_note_quarter_length", "feature_value": "3.5"}, {"feature_key": "initial_time_signature", "feature_value": "[0, 0]"}, {"feature_key": "composer", "feature_value": "https://dbpedia.org/resource/Arcangelo_Corelli"}], "sources": [], "files": [{"name": "mei.xml", "url": "http://localhost:8000/media/corpora/all/composers/corelli/opus1/op01n10a/mei.xml"}, {"name": "summary.json", "url": "http://localhost:8000/media/corpora/all/composers/corelli/opus1/op01n10a/summary.json"}]}