{"ref": "all:composers:corelli:opus1:op01n01c", "title": "Sonate a tre [in F]", "composer": null, "features": [{"feature_key": "key_tonic_name", "feature_value": "F"}, {"feature_key": "key_mode", "feature_value": "major"}, {"feature_key": "num_of_parts", "feature_value": "4"}, {"feature_key": "num_of_measures", "feature_value": "152"}, {"feature_key": "instruments", "feature_value": "['Violin', 'Violoncello', 'Pipe Organ']"}, {"feature_key": "lowest_pitch_each_part", "feature_value": "{\"part1\": \"E4\", \"part2\": \"D4\", \"part3\": \"C2\", \"part4\": \"C2\"}"}, {"feature_key": "highest_pitch_each_part", "feature_value": "{\"part1\": \"D6\", \"part2\": \"C6\", \"part3\": \"C4\", \"part4\": \"C4\"}"}, {"feature_key": "average_melodic_interval", "feature_value": "3.08"}, {"feature_key": "direction_of_motion", "feature_value": "0.5328467153284672"}, {"feature_key": "most_common_note_quarter_length", "feature_value": "1.0"}, {"feature_key": "range_note_quarter_length", "feature_value": "2.5"}, {"feature_key": "initial_time_signature", "feature_value": "[0, 0]"}, {"feature_key": "composer", "feature_value": "https://dbpedia.org/resource/Arcangelo_Corelli"}], "sources": [], "files": [{"name": "mei.xml", "url": "http://localhost:8000/media/corpora/all/composers/corelli/opus1/op01n01c/mei.xml"}, {"name": "summary.json", "url": "http://localhost:8000/media/corpora/all/composers/corelli/opus1/op01n01c/summary.json"}]}