{"ref": "all:composers:corelli:opus1:op01n04a", "title": "Sonate a tre [in a]", "composer": null, "features": [{"feature_key": "key_tonic_name", "feature_value": "A"}, {"feature_key": "key_mode", "feature_value": "minor"}, {"feature_key": "num_of_parts", "feature_value": "4"}, {"feature_key": "num_of_measures", "feature_value": "80"}, {"feature_key": "instruments", "feature_value": "['Violin', 'Violoncello', 'Pipe Organ']"}, {"feature_key": "lowest_pitch_each_part", "feature_value": "{\"part1\": \"C4\", \"part2\": \"C4\", \"part3\": \"E2\", \"part4\": \"E2\"}"}, {"feature_key": "highest_pitch_each_part", "feature_value": "{\"part1\": \"C6\", \"part2\": \"B5\", \"part3\": \"A3\", \"part4\": \"G3\"}"}, {"feature_key": "average_melodic_interval", "feature_value": "2.71358024691358"}, {"feature_key": "direction_of_motion", "feature_value": "0.3475"}, {"feature_key": "most_common_note_quarter_length", "feature_value": "0.25"}, {"feature_key": "range_note_quarter_length", "feature_value": "1.75"}, {"feature_key": "initial_time_signature", "feature_value": "[0, 0]"}, {"feature_key": "composer", "feature_value": "https://dbpedia.org/resource/Arcangelo_Corelli"}], "sources": [], "files": [{"name": "mei.xml", "url": "http://localhost:8000/media/corpora/all/composers/corelli/opus1/op01n04a/mei.xml"}, {"name": "summary.json", "url": "http://localhost:8000/media/corpora/all/composers/corelli/opus1/op01n04a/summary.json"}]}