{"ref": "all:composers:corelli:opus3:op3n4-04", "title": "op3n4-04", "composer": null, "features": [{"feature_key": "key_tonic_name", "feature_value": "B"}, {"feature_key": "key_mode", "feature_value": "minor"}, {"feature_key": "num_of_parts", "feature_value": "4"}, {"feature_key": "num_of_measures", "feature_value": "200"}, {"feature_key": "instruments", "feature_value": "[None, None, None, None]"}, {"feature_key": "lowest_pitch_each_part", "feature_value": "{\"part1\": \"A3\", \"part2\": \"A3\", \"part3\": \"F#2\", \"part4\": \"F#2\"}"}, {"feature_key": "highest_pitch_each_part", "feature_value": "{\"part1\": \"C#6\", \"part2\": \"D6\", \"part3\": \"F#4\", \"part4\": \"F#4\"}"}, {"feature_key": "average_melodic_interval", "feature_value": "3.8089591567852437"}, {"feature_key": "direction_of_motion", "feature_value": "0.4739652870493992"}, {"feature_key": "most_common_note_quarter_length", "feature_value": "0.5"}, {"feature_key": "range_note_quarter_length", "feature_value": "2.5"}, {"feature_key": "initial_time_signature", "feature_value": "[0, 0]"}, {"feature_key": "composer", "feature_value": "https://dbpedia.org/resource/Arcangelo_Corelli"}], "sources": [], "files": [{"name": "mei.xml", "url": "http://localhost:8000/media/corpora/all/composers/corelli/opus3/op3n4-04/mei.xml"}, {"name": "summary.json", "url": "http://localhost:8000/media/corpora/all/composers/corelli/opus3/op3n4-04/summary.json"}]}