{"ref": "all:composers:corelli:opus3:op3n3-04", "title": "op3n3-04", "composer": null, "features": [{"feature_key": "key_tonic_name", "feature_value": "B-"}, {"feature_key": "key_mode", "feature_value": "major"}, {"feature_key": "num_of_parts", "feature_value": "4"}, {"feature_key": "num_of_measures", "feature_value": "240"}, {"feature_key": "instruments", "feature_value": "[None, None, None, None]"}, {"feature_key": "lowest_pitch_each_part", "feature_value": "{\"part1\": \"C4\", \"part2\": \"C4\", \"part3\": \"F2\", \"part4\": \"F2\"}"}, {"feature_key": "highest_pitch_each_part", "feature_value": "{\"part1\": \"D6\", \"part2\": \"D6\", \"part3\": \"F4\", \"part4\": \"F4\"}"}, {"feature_key": "average_melodic_interval", "feature_value": "3.8266806722689077"}, {"feature_key": "direction_of_motion", "feature_value": "0.4837662337662338"}, {"feature_key": "most_common_note_quarter_length", "feature_value": "1.0"}, {"feature_key": "range_note_quarter_length", "feature_value": "3.5"}, {"feature_key": "initial_time_signature", "feature_value": "[0, 0]"}, {"feature_key": "composer", "feature_value": "https://dbpedia.org/resource/Arcangelo_Corelli"}], "sources": [], "files": [{"name": "mei.xml", "url": "http://localhost:8000/media/corpora/all/composers/corelli/opus3/op3n3-04/mei.xml"}, {"name": "summary.json", "url": "http://localhost:8000/media/corpora/all/composers/corelli/opus3/op3n3-04/summary.json"}]}