{"ref": "all:composers:corelli:opus3:op3n10-04", "title": "op3n10-04", "composer": null, "features": [{"feature_key": "key_tonic_name", "feature_value": "A"}, {"feature_key": "key_mode", "feature_value": "minor"}, {"feature_key": "num_of_parts", "feature_value": "4"}, {"feature_key": "num_of_measures", "feature_value": "124"}, {"feature_key": "instruments", "feature_value": "[None, None, None, None]"}, {"feature_key": "lowest_pitch_each_part", "feature_value": "{\"part1\": \"E4\", \"part2\": \"E4\", \"part3\": \"E2\", \"part4\": \"E2\"}"}, {"feature_key": "highest_pitch_each_part", "feature_value": "{\"part1\": \"B5\", \"part2\": \"B5\", \"part3\": \"E4\", \"part4\": \"E4\"}"}, {"feature_key": "average_melodic_interval", "feature_value": "3.400313971742543"}, {"feature_key": "direction_of_motion", "feature_value": "0.387459807073955"}, {"feature_key": "most_common_note_quarter_length", "feature_value": "0.3333333333333333"}, {"feature_key": "range_note_quarter_length", "feature_value": "3.75"}, {"feature_key": "initial_time_signature", "feature_value": "[0, 0]"}, {"feature_key": "composer", "feature_value": "https://dbpedia.org/resource/Arcangelo_Corelli"}], "sources": [], "files": [{"name": "mei.xml", "url": "http://localhost:8000/media/corpora/all/composers/corelli/opus3/op3n10-04/mei.xml"}, {"name": "summary.json", "url": "http://localhost:8000/media/corpora/all/composers/corelli/opus3/op3n10-04/summary.json"}]}