{"ref": "all:composers:corelli:opus4:op4n12-02", "title": "op4n12-02", "composer": null, "features": [{"feature_key": "key_tonic_name", "feature_value": "B"}, {"feature_key": "key_mode", "feature_value": "minor"}, {"feature_key": "num_of_parts", "feature_value": "4"}, {"feature_key": "num_of_measures", "feature_value": "160"}, {"feature_key": "instruments", "feature_value": "[None, None, None, None]"}, {"feature_key": "lowest_pitch_each_part", "feature_value": "{\"part1\": \"A3\", \"part2\": \"C#4\", \"part3\": \"F#2\", \"part4\": \"F#2\"}"}, {"feature_key": "highest_pitch_each_part", "feature_value": "{\"part1\": \"B5\", \"part2\": \"A5\", \"part3\": \"E4\", \"part4\": \"E4\"}"}, {"feature_key": "average_melodic_interval", "feature_value": "4.866231647634584"}, {"feature_key": "direction_of_motion", "feature_value": "0.5110356536502547"}, {"feature_key": "most_common_note_quarter_length", "feature_value": "0.5"}, {"feature_key": "range_note_quarter_length", "feature_value": "2.5"}, {"feature_key": "initial_time_signature", "feature_value": "[0, 0]"}, {"feature_key": "composer", "feature_value": "https://dbpedia.org/resource/Arcangelo_Corelli"}], "sources": [], "files": [{"name": "mei.xml", "url": "http://localhost:8000/media/corpora/all/composers/corelli/opus4/op4n12-02/mei.xml"}, {"name": "summary.json", "url": "http://localhost:8000/media/corpora/all/composers/corelli/opus4/op4n12-02/summary.json"}]}