{"ref": "all:composers:corelli:opus4:op4n10-03", "title": "op4n10-03", "composer": null, "features": [{"feature_key": "key_tonic_name", "feature_value": "G"}, {"feature_key": "key_mode", "feature_value": "major"}, {"feature_key": "num_of_parts", "feature_value": "4"}, {"feature_key": "num_of_measures", "feature_value": "192"}, {"feature_key": "instruments", "feature_value": "[None, None, None, None]"}, {"feature_key": "lowest_pitch_each_part", "feature_value": "{\"part1\": \"D4\", \"part2\": \"D4\", \"part3\": \"D2\", \"part4\": \"D2\"}"}, {"feature_key": "highest_pitch_each_part", "feature_value": "{\"part1\": \"B5\", \"part2\": \"G5\", \"part3\": \"D4\", \"part4\": \"D4\"}"}, {"feature_key": "average_melodic_interval", "feature_value": "3.95264116575592"}, {"feature_key": "direction_of_motion", "feature_value": "0.48091603053435117"}, {"feature_key": "most_common_note_quarter_length", "feature_value": "1.0"}, {"feature_key": "range_note_quarter_length", "feature_value": "2.5"}, {"feature_key": "initial_time_signature", "feature_value": "[0, 0]"}, {"feature_key": "composer", "feature_value": "https://dbpedia.org/resource/Arcangelo_Corelli"}], "sources": [], "files": [{"name": "mei.xml", "url": "http://localhost:8000/media/corpora/all/composers/corelli/opus4/op4n10-03/mei.xml"}, {"name": "summary.json", "url": "http://localhost:8000/media/corpora/all/composers/corelli/opus4/op4n10-03/summary.json"}]}