{"ref": "all:composers:corelli:opus5:op5n11-03", "title": "op5n11-03", "composer": null, "features": [{"feature_key": "key_tonic_name", "feature_value": "C#"}, {"feature_key": "key_mode", "feature_value": "minor"}, {"feature_key": "num_of_parts", "feature_value": "2"}, {"feature_key": "num_of_measures", "feature_value": "18"}, {"feature_key": "instruments", "feature_value": "[None, None]"}, {"feature_key": "lowest_pitch_each_part", "feature_value": "{\"part1\": \"G#4\", \"part2\": \"G#2\"}"}, {"feature_key": "highest_pitch_each_part", "feature_value": "{\"part1\": \"C#6\", \"part2\": \"C#4\"}"}, {"feature_key": "average_melodic_interval", "feature_value": "4.578947368421052"}, {"feature_key": "direction_of_motion", "feature_value": "0.4411764705882353"}, {"feature_key": "most_common_note_quarter_length", "feature_value": "2.0"}, {"feature_key": "range_note_quarter_length", "feature_value": "5.5"}, {"feature_key": "initial_time_signature", "feature_value": "[0, 0]"}, {"feature_key": "composer", "feature_value": "https://dbpedia.org/resource/Arcangelo_Corelli"}], "sources": [], "files": [{"name": "mei.xml", "url": "http://localhost:8000/media/corpora/all/composers/corelli/opus5/op5n11-03/mei.xml"}, {"name": "summary.json", "url": "http://localhost:8000/media/corpora/all/composers/corelli/opus5/op5n11-03/summary.json"}]}