{"ref": "all:composers:corelli:opus5:op5n4-04", "title": "op5n4-04", "composer": null, "features": [{"feature_key": "key_tonic_name", "feature_value": "D"}, {"feature_key": "key_mode", "feature_value": "minor"}, {"feature_key": "num_of_parts", "feature_value": "2"}, {"feature_key": "num_of_measures", "feature_value": "34"}, {"feature_key": "instruments", "feature_value": "[None, None]"}, {"feature_key": "lowest_pitch_each_part", "feature_value": "{\"part1\": \"C#4\", \"part2\": \"E2\"}"}, {"feature_key": "highest_pitch_each_part", "feature_value": "{\"part1\": \"D6\", \"part2\": \"F4\"}"}, {"feature_key": "average_melodic_interval", "feature_value": "3.377450980392157"}, {"feature_key": "direction_of_motion", "feature_value": "0.4365482233502538"}, {"feature_key": "most_common_note_quarter_length", "feature_value": "0.5"}, {"feature_key": "range_note_quarter_length", "feature_value": "1.875"}, {"feature_key": "initial_time_signature", "feature_value": "[0, 0]"}, {"feature_key": "composer", "feature_value": "https://dbpedia.org/resource/Arcangelo_Corelli"}], "sources": [], "files": [{"name": "mei.xml", "url": "http://localhost:8000/media/corpora/all/composers/corelli/opus5/op5n4-04/mei.xml"}, {"name": "summary.json", "url": "http://localhost:8000/media/corpora/all/composers/corelli/opus5/op5n4-04/summary.json"}]}