{"ref": "all:composers:corelli:opus5:op5n7-03", "title": "op5n7-03", "composer": null, "features": [{"feature_key": "key_tonic_name", "feature_value": "D"}, {"feature_key": "key_mode", "feature_value": "minor"}, {"feature_key": "num_of_parts", "feature_value": "2"}, {"feature_key": "num_of_measures", "feature_value": "32"}, {"feature_key": "instruments", "feature_value": "[None, None]"}, {"feature_key": "lowest_pitch_each_part", "feature_value": "{\"part1\": \"A4\", \"part2\": \"F2\"}"}, {"feature_key": "highest_pitch_each_part", "feature_value": "{\"part1\": \"B-5\", \"part2\": \"D4\"}"}, {"feature_key": "average_melodic_interval", "feature_value": "4.608108108108108"}, {"feature_key": "direction_of_motion", "feature_value": "0.4925373134328358"}, {"feature_key": "most_common_note_quarter_length", "feature_value": "1.0"}, {"feature_key": "range_note_quarter_length", "feature_value": "2.5"}, {"feature_key": "initial_time_signature", "feature_value": "[0, 0]"}, {"feature_key": "composer", "feature_value": "https://dbpedia.org/resource/Arcangelo_Corelli"}], "sources": [], "files": [{"name": "mei.xml", "url": "http://localhost:8000/media/corpora/all/composers/corelli/opus5/op5n7-03/mei.xml"}, {"name": "summary.json", "url": "http://localhost:8000/media/corpora/all/composers/corelli/opus5/op5n7-03/summary.json"}]}