{"ref": "all:composers:corelli:opus6:op6n9-02", "title": "op6n9-02", "composer": null, "features": [{"feature_key": "key_tonic_name", "feature_value": "F"}, {"feature_key": "key_mode", "feature_value": "major"}, {"feature_key": "num_of_parts", "feature_value": "7"}, {"feature_key": "num_of_measures", "feature_value": "245"}, {"feature_key": "instruments", "feature_value": "[None, None, None, None, None, None, None]"}, {"feature_key": "lowest_pitch_each_part", "feature_value": "{\"part1\": \"C4\", \"part2\": \"C4\", \"part3\": \"C2\", \"part4\": \"C4\", \"part5\": \"C4\", \"part6\": \"C3\", \"part7\": \"C2\"}"}, {"feature_key": "highest_pitch_each_part", "feature_value": "{\"part1\": \"D6\", \"part2\": \"D6\", \"part3\": \"F4\", \"part4\": \"D6\", \"part5\": \"D6\", \"part6\": \"E5\", \"part7\": \"F4\"}"}, {"feature_key": "average_melodic_interval", "feature_value": "4.01177336276674"}, {"feature_key": "direction_of_motion", "feature_value": "0.5015625"}, {"feature_key": "most_common_note_quarter_length", "feature_value": "0.25"}, {"feature_key": "range_note_quarter_length", "feature_value": "1.75"}, {"feature_key": "initial_time_signature", "feature_value": "[0, 0]"}, {"feature_key": "composer", "feature_value": "https://dbpedia.org/resource/Arcangelo_Corelli"}], "sources": [], "files": [{"name": "mei.xml", "url": "http://localhost:8000/media/corpora/all/composers/corelli/opus6/op6n9-02/mei.xml"}, {"name": "summary.json", "url": "http://localhost:8000/media/corpora/all/composers/corelli/opus6/op6n9-02/summary.json"}]}