{"ref": "all:composers:corelli:opus6:op6n11-03", "title": "op6n11-03", "composer": null, "features": [{"feature_key": "key_tonic_name", "feature_value": "G"}, {"feature_key": "key_mode", "feature_value": "minor"}, {"feature_key": "num_of_parts", "feature_value": "7"}, {"feature_key": "num_of_measures", "feature_value": "70"}, {"feature_key": "instruments", "feature_value": "[None, None, None, None, None, None, None]"}, {"feature_key": "lowest_pitch_each_part", "feature_value": "{\"part1\": \"B-4\", \"part2\": \"D4\", \"part3\": \"B2\", \"part4\": \"B-4\", \"part5\": \"D4\", \"part6\": \"A3\", \"part7\": \"B2\"}"}, {"feature_key": "highest_pitch_each_part", "feature_value": "{\"part1\": \"E-5\", \"part2\": \"D5\", \"part3\": \"C4\", \"part4\": \"E-5\", \"part5\": \"D5\", \"part6\": \"C5\", \"part7\": \"C4\"}"}, {"feature_key": "average_melodic_interval", "feature_value": "2.6857142857142855"}, {"feature_key": "direction_of_motion", "feature_value": "0.4426229508196721"}, {"feature_key": "most_common_note_quarter_length", "feature_value": "3.0"}, {"feature_key": "range_note_quarter_length", "feature_value": "2.0"}, {"feature_key": "initial_time_signature", "feature_value": "[0, 0]"}, {"feature_key": "composer", "feature_value": "https://dbpedia.org/resource/Arcangelo_Corelli"}], "sources": [], "files": [{"name": "mei.xml", "url": "http://localhost:8000/media/corpora/all/composers/corelli/opus6/op6n11-03/mei.xml"}, {"name": "summary.json", "url": "http://localhost:8000/media/corpora/all/composers/corelli/opus6/op6n11-03/summary.json"}]}