{"ref": "all:composers:corelli:opus6:op6n12-01", "title": "op6n12-01", "composer": null, "features": [{"feature_key": "key_tonic_name", "feature_value": "F"}, {"feature_key": "key_mode", "feature_value": "major"}, {"feature_key": "num_of_parts", "feature_value": "7"}, {"feature_key": "num_of_measures", "feature_value": "168"}, {"feature_key": "instruments", "feature_value": "[None, None, None, None, None, None, None]"}, {"feature_key": "lowest_pitch_each_part", "feature_value": "{\"part1\": \"D4\", \"part2\": \"E4\", \"part3\": \"C2\", \"part4\": \"D4\", \"part5\": \"C4\", \"part6\": \"A3\", \"part7\": \"C2\"}"}, {"feature_key": "highest_pitch_each_part", "feature_value": "{\"part1\": \"C6\", \"part2\": \"D6\", \"part3\": \"F4\", \"part4\": \"C6\", \"part5\": \"B-5\", \"part6\": \"D5\", \"part7\": \"C4\"}"}, {"feature_key": "average_melodic_interval", "feature_value": "3.7840236686390534"}, {"feature_key": "direction_of_motion", "feature_value": "0.48746081504702193"}, {"feature_key": "most_common_note_quarter_length", "feature_value": "0.5"}, {"feature_key": "range_note_quarter_length", "feature_value": "5.875"}, {"feature_key": "initial_time_signature", "feature_value": "[0, 0]"}, {"feature_key": "composer", "feature_value": "https://dbpedia.org/resource/Arcangelo_Corelli"}], "sources": [], "files": [{"name": "mei.xml", "url": "http://localhost:8000/media/corpora/all/composers/corelli/opus6/op6n12-01/mei.xml"}, {"name": "summary.json", "url": "http://localhost:8000/media/corpora/all/composers/corelli/opus6/op6n12-01/summary.json"}]}