{"ref": "all:composers:corelli:opus6:op6n4-02", "title": "op6n4-02", "composer": null, "features": [{"feature_key": "key_tonic_name", "feature_value": "B"}, {"feature_key": "key_mode", "feature_value": "minor"}, {"feature_key": "num_of_parts", "feature_value": "7"}, {"feature_key": "num_of_measures", "feature_value": "105"}, {"feature_key": "instruments", "feature_value": "[None, None, None, None, None, None, None]"}, {"feature_key": "lowest_pitch_each_part", "feature_value": "{\"part1\": \"E4\", \"part2\": \"A#3\", \"part3\": \"F#2\", \"part4\": \"A3\", \"part5\": \"A3\", \"part6\": \"B3\", \"part7\": \"D2\"}"}, {"feature_key": "highest_pitch_each_part", "feature_value": "{\"part1\": \"F#5\", \"part2\": \"D5\", \"part3\": \"F#4\", \"part4\": \"E5\", \"part5\": \"D5\", \"part6\": \"C#5\", \"part7\": \"C#4\"}"}, {"feature_key": "average_melodic_interval", "feature_value": "1.6390625"}, {"feature_key": "direction_of_motion", "feature_value": "0.4377224199288256"}, {"feature_key": "most_common_note_quarter_length", "feature_value": "0.5"}, {"feature_key": "range_note_quarter_length", "feature_value": "3.5"}, {"feature_key": "initial_time_signature", "feature_value": "[0, 0]"}, {"feature_key": "composer", "feature_value": "https://dbpedia.org/resource/Arcangelo_Corelli"}], "sources": [], "files": [{"name": "mei.xml", "url": "http://localhost:8000/media/corpora/all/composers/corelli/opus6/op6n4-02/mei.xml"}, {"name": "summary.json", "url": "http://localhost:8000/media/corpora/all/composers/corelli/opus6/op6n4-02/summary.json"}]}