{"ref": "all:composers:corelli:opus6:op6n7-01", "title": "op6n7-01", "composer": null, "features": [{"feature_key": "key_tonic_name", "feature_value": "D"}, {"feature_key": "key_mode", "feature_value": "major"}, {"feature_key": "num_of_parts", "feature_value": "7"}, {"feature_key": "num_of_measures", "feature_value": "63"}, {"feature_key": "instruments", "feature_value": "[None, None, None, None, None, None, None]"}, {"feature_key": "lowest_pitch_each_part", "feature_value": "{\"part1\": \"D5\", \"part2\": \"B4\", \"part3\": \"A2\", \"part4\": \"D5\", \"part5\": \"A4\", \"part6\": \"B3\", \"part7\": \"A2\"}"}, {"feature_key": "highest_pitch_each_part", "feature_value": "{\"part1\": \"B5\", \"part2\": \"F#5\", \"part3\": \"D4\", \"part4\": \"B5\", \"part5\": \"F#5\", \"part6\": \"A4\", \"part7\": \"D4\"}"}, {"feature_key": "average_melodic_interval", "feature_value": "2.4304347826086956"}, {"feature_key": "direction_of_motion", "feature_value": "0.5119047619047619"}, {"feature_key": "most_common_note_quarter_length", "feature_value": "1.0"}, {"feature_key": "range_note_quarter_length", "feature_value": "1.75"}, {"feature_key": "initial_time_signature", "feature_value": "[0, 0]"}, {"feature_key": "composer", "feature_value": "https://dbpedia.org/resource/Arcangelo_Corelli"}], "sources": [], "files": [{"name": "mei.xml", "url": "http://localhost:8000/media/corpora/all/composers/corelli/opus6/op6n7-01/mei.xml"}, {"name": "summary.json", "url": "http://localhost:8000/media/corpora/all/composers/corelli/opus6/op6n7-01/summary.json"}]}