{"ref": "all:composers:corelli:opus6:op6n4-05", "title": "op6n4-05", "composer": null, "features": [{"feature_key": "key_tonic_name", "feature_value": "D"}, {"feature_key": "key_mode", "feature_value": "major"}, {"feature_key": "num_of_parts", "feature_value": "7"}, {"feature_key": "num_of_measures", "feature_value": "133"}, {"feature_key": "instruments", "feature_value": "[None, None, None, None, None, None, None]"}, {"feature_key": "lowest_pitch_each_part", "feature_value": "{\"part1\": \"D4\", \"part2\": \"C#4\", \"part3\": \"D2\", \"part4\": \"D4\", \"part5\": \"C#4\", \"part6\": \"D3\", \"part7\": \"D2\"}"}, {"feature_key": "highest_pitch_each_part", "feature_value": "{\"part1\": \"D6\", \"part2\": \"D6\", \"part3\": \"D4\", \"part4\": \"A5\", \"part5\": \"F#5\", \"part6\": \"D5\", \"part7\": \"D4\"}"}, {"feature_key": "average_melodic_interval", "feature_value": "3.8858490566037736"}, {"feature_key": "direction_of_motion", "feature_value": "0.5011709601873536"}, {"feature_key": "most_common_note_quarter_length", "feature_value": "0.25"}, {"feature_key": "range_note_quarter_length", "feature_value": "0.75"}, {"feature_key": "initial_time_signature", "feature_value": "[0, 0]"}, {"feature_key": "composer", "feature_value": "https://dbpedia.org/resource/Arcangelo_Corelli"}], "sources": [], "files": [{"name": "mei.xml", "url": "http://localhost:8000/media/corpora/all/composers/corelli/opus6/op6n4-05/mei.xml"}, {"name": "summary.json", "url": "http://localhost:8000/media/corpora/all/composers/corelli/opus6/op6n4-05/summary.json"}]}