{"ref": "all:composers:corelli:opus6:op6n11-05", "title": "op6n11-05", "composer": null, "features": [{"feature_key": "key_tonic_name", "feature_value": "B-"}, {"feature_key": "key_mode", "feature_value": "major"}, {"feature_key": "num_of_parts", "feature_value": "7"}, {"feature_key": "num_of_measures", "feature_value": "140"}, {"feature_key": "instruments", "feature_value": "[None, None, None, None, None, None, None]"}, {"feature_key": "lowest_pitch_each_part", "feature_value": "{\"part1\": \"A3\", \"part2\": \"E4\", \"part3\": \"F2\", \"part4\": \"F4\", \"part5\": \"E4\", \"part6\": \"A3\", \"part7\": \"F2\"}"}, {"feature_key": "highest_pitch_each_part", "feature_value": "{\"part1\": \"B-5\", \"part2\": \"G5\", \"part3\": \"C4\", \"part4\": \"F5\", \"part5\": \"G5\", \"part6\": \"C5\", \"part7\": \"C4\"}"}, {"feature_key": "average_melodic_interval", "feature_value": "3.2202797202797204"}, {"feature_key": "direction_of_motion", "feature_value": "0.45075757575757575"}, {"feature_key": "most_common_note_quarter_length", "feature_value": "0.5"}, {"feature_key": "range_note_quarter_length", "feature_value": "2.75"}, {"feature_key": "initial_time_signature", "feature_value": "[0, 0]"}, {"feature_key": "composer", "feature_value": "https://dbpedia.org/resource/Arcangelo_Corelli"}], "sources": [], "files": [{"name": "mei.xml", "url": "http://localhost:8000/media/corpora/all/composers/corelli/opus6/op6n11-05/mei.xml"}, {"name": "summary.json", "url": "http://localhost:8000/media/corpora/all/composers/corelli/opus6/op6n11-05/summary.json"}]}