{"ref": "all:composers:corelli:opus6:op6n4-01", "title": "op6n4-01", "composer": null, "features": [{"feature_key": "key_tonic_name", "feature_value": "D"}, {"feature_key": "key_mode", "feature_value": "major"}, {"feature_key": "num_of_parts", "feature_value": "7"}, {"feature_key": "num_of_measures", "feature_value": "357"}, {"feature_key": "instruments", "feature_value": "[None, None, None, None, None, None, None]"}, {"feature_key": "lowest_pitch_each_part", "feature_value": "{\"part1\": \"A3\", \"part2\": \"A3\", \"part3\": \"D2\", \"part4\": \"A3\", \"part5\": \"A3\", \"part6\": \"F#3\", \"part7\": \"D2\"}"}, {"feature_key": "highest_pitch_each_part", "feature_value": "{\"part1\": \"D6\", \"part2\": \"D6\", \"part3\": \"E4\", \"part4\": \"D6\", \"part5\": \"D6\", \"part6\": \"E5\", \"part7\": \"D4\"}"}, {"feature_key": "average_melodic_interval", "feature_value": "3.756218905472637"}, {"feature_key": "direction_of_motion", "feature_value": "0.51440329218107"}, {"feature_key": "most_common_note_quarter_length", "feature_value": "0.25"}, {"feature_key": "range_note_quarter_length", "feature_value": "3.75"}, {"feature_key": "initial_time_signature", "feature_value": "[0, 0]"}, {"feature_key": "composer", "feature_value": "https://dbpedia.org/resource/Arcangelo_Corelli"}], "sources": [], "files": [{"name": "mei.xml", "url": "http://localhost:8000/media/corpora/all/composers/corelli/opus6/op6n4-01/mei.xml"}, {"name": "summary.json", "url": "http://localhost:8000/media/corpora/all/composers/corelli/opus6/op6n4-01/summary.json"}]}