{"ref": "all:composers:corelli:opus6:op6n8-07", "title": "op6n8-07", "composer": null, "features": [{"feature_key": "most_common_note_quarter_length", "feature_value": "0.5"}, {"feature_key": "range_note_quarter_length", "feature_value": "15.0"}, {"feature_key": "key_tonic_name", "feature_value": "G"}, {"feature_key": "key_mode", "feature_value": "major"}, {"feature_key": "num_of_parts", "feature_value": "7"}, {"feature_key": "num_of_measures", "feature_value": "399"}, {"feature_key": "instruments", "feature_value": "[None, None, None, None, None, None, None]"}, {"feature_key": "lowest_pitch_each_part", "feature_value": "{\"part1\": \"G3\", \"part2\": \"A3\", \"part3\": \"C2\", \"part4\": \"G3\", \"part5\": \"G3\", \"part6\": \"G3\", \"part7\": \"C2\"}"}, {"feature_key": "highest_pitch_each_part", "feature_value": "{\"part1\": \"D6\", \"part2\": \"D6\", \"part3\": \"G4\", \"part4\": \"C6\", \"part5\": \"A5\", \"part6\": \"D5\", \"part7\": \"E4\"}"}, {"feature_key": "average_melodic_interval", "feature_value": "3.3569604086845466"}, {"feature_key": "direction_of_motion", "feature_value": "0.4838255977496484"}, {"feature_key": "initial_time_signature", "feature_value": "[0, 0]"}, {"feature_key": "composer", "feature_value": "https://dbpedia.org/resource/Arcangelo_Corelli"}], "sources": [], "files": [{"name": "mei.xml", "url": "http://localhost:8000/media/corpora/all/composers/corelli/opus6/op6n8-07/mei.xml"}, {"name": "summary.json", "url": "http://localhost:8000/media/corpora/all/composers/corelli/opus6/op6n8-07/summary.json"}]}