{"ref": "all:composers:corelli:opus6:op6n1-02", "title": "op6n1-02", "composer": null, "features": [{"feature_key": "key_tonic_name", "feature_value": "D"}, {"feature_key": "key_mode", "feature_value": "major"}, {"feature_key": "num_of_parts", "feature_value": "7"}, {"feature_key": "num_of_measures", "feature_value": "273"}, {"feature_key": "instruments", "feature_value": "[None, None, None, None, None, None, None]"}, {"feature_key": "lowest_pitch_each_part", "feature_value": "{\"part1\": \"F#4\", \"part2\": \"E#4\", \"part3\": \"C#2\", \"part4\": \"F#4\", \"part5\": \"E#4\", \"part6\": \"B3\", \"part7\": \"C#2\"}"}, {"feature_key": "highest_pitch_each_part", "feature_value": "{\"part1\": \"B5\", \"part2\": \"G#5\", \"part3\": \"D4\", \"part4\": \"B5\", \"part5\": \"F#5\", \"part6\": \"D5\", \"part7\": \"D4\"}"}, {"feature_key": "average_melodic_interval", "feature_value": "2.7140039447731756"}, {"feature_key": "direction_of_motion", "feature_value": "0.4910313901345291"}, {"feature_key": "most_common_note_quarter_length", "feature_value": "0.5"}, {"feature_key": "range_note_quarter_length", "feature_value": "2.5"}, {"feature_key": "initial_time_signature", "feature_value": "[0, 0]"}, {"feature_key": "composer", "feature_value": "https://dbpedia.org/resource/Arcangelo_Corelli"}], "sources": [], "files": [{"name": "mei.xml", "url": "http://localhost:8000/media/corpora/all/composers/corelli/opus6/op6n1-02/mei.xml"}, {"name": "summary.json", "url": "http://localhost:8000/media/corpora/all/composers/corelli/opus6/op6n1-02/summary.json"}]}