{"ref": "all:composers:corelli:opus6:op6n12-03", "title": "op6n12-03", "composer": null, "features": [{"feature_key": "key_tonic_name", "feature_value": "D"}, {"feature_key": "key_mode", "feature_value": "minor"}, {"feature_key": "num_of_parts", "feature_value": "7"}, {"feature_key": "num_of_measures", "feature_value": "91"}, {"feature_key": "instruments", "feature_value": "[None, None, None, None, None, None, None]"}, {"feature_key": "lowest_pitch_each_part", "feature_value": "{\"part1\": \"B3\", \"part2\": \"C4\", \"part3\": \"E2\", \"part4\": \"B3\", \"part5\": \"C4\", \"part6\": \"A3\", \"part7\": \"G2\"}"}, {"feature_key": "highest_pitch_each_part", "feature_value": "{\"part1\": \"D5\", \"part2\": \"E5\", \"part3\": \"D4\", \"part4\": \"D5\", \"part5\": \"E5\", \"part6\": \"A4\", \"part7\": \"D4\"}"}, {"feature_key": "average_melodic_interval", "feature_value": "1.339350180505415"}, {"feature_key": "direction_of_motion", "feature_value": "0.4043478260869565"}, {"feature_key": "most_common_note_quarter_length", "feature_value": "0.5"}, {"feature_key": "range_note_quarter_length", "feature_value": "1.5"}, {"feature_key": "initial_time_signature", "feature_value": "[0, 0]"}, {"feature_key": "composer", "feature_value": "https://dbpedia.org/resource/Arcangelo_Corelli"}], "sources": [], "files": [{"name": "mei.xml", "url": "http://localhost:8000/media/corpora/all/composers/corelli/opus6/op6n12-03/mei.xml"}, {"name": "summary.json", "url": "http://localhost:8000/media/corpora/all/composers/corelli/opus6/op6n12-03/summary.json"}]}