{"ref": "all:composers:corelli:opus6:op6n11-02", "title": "op6n11-02", "composer": null, "features": [{"feature_key": "key_tonic_name", "feature_value": "B-"}, {"feature_key": "key_mode", "feature_value": "major"}, {"feature_key": "num_of_parts", "feature_value": "7"}, {"feature_key": "num_of_measures", "feature_value": "266"}, {"feature_key": "instruments", "feature_value": "[None, None, None, None, None, None, None]"}, {"feature_key": "lowest_pitch_each_part", "feature_value": "{\"part1\": \"B-3\", \"part2\": \"A3\", \"part3\": \"D2\", \"part4\": \"B-3\", \"part5\": \"A3\", \"part6\": \"A3\", \"part7\": \"D2\"}"}, {"feature_key": "highest_pitch_each_part", "feature_value": "{\"part1\": \"C6\", \"part2\": \"C6\", \"part3\": \"G4\", \"part4\": \"C6\", \"part5\": \"G5\", \"part6\": \"B-4\", \"part7\": \"D4\"}"}, {"feature_key": "average_melodic_interval", "feature_value": "3.4808970099667773"}, {"feature_key": "direction_of_motion", "feature_value": "0.5013123359580053"}, {"feature_key": "most_common_note_quarter_length", "feature_value": "0.25"}, {"feature_key": "range_note_quarter_length", "feature_value": "1.75"}, {"feature_key": "initial_time_signature", "feature_value": "[0, 0]"}, {"feature_key": "composer", "feature_value": "https://dbpedia.org/resource/Arcangelo_Corelli"}], "sources": [], "files": [{"name": "mei.xml", "url": "http://localhost:8000/media/corpora/all/composers/corelli/opus6/op6n11-02/mei.xml"}, {"name": "summary.json", "url": "http://localhost:8000/media/corpora/all/composers/corelli/opus6/op6n11-02/summary.json"}]}