{"ref": "all:composers:corelli:opus6:op6n11-01", "title": "op6n11-01", "composer": null, "features": [{"feature_key": "key_tonic_name", "feature_value": "B-"}, {"feature_key": "key_mode", "feature_value": "major"}, {"feature_key": "num_of_parts", "feature_value": "7"}, {"feature_key": "num_of_measures", "feature_value": "175"}, {"feature_key": "instruments", "feature_value": "[None, None, None, None, None, None, None]"}, {"feature_key": "lowest_pitch_each_part", "feature_value": "{\"part1\": \"A3\", \"part2\": \"A3\", \"part3\": \"C2\", \"part4\": \"A3\", \"part5\": \"A3\", \"part6\": \"A3\", \"part7\": \"C2\"}"}, {"feature_key": "highest_pitch_each_part", "feature_value": "{\"part1\": \"A5\", \"part2\": \"A5\", \"part3\": \"G4\", \"part4\": \"A5\", \"part5\": \"A5\", \"part6\": \"D5\", \"part7\": \"G4\"}"}, {"feature_key": "average_melodic_interval", "feature_value": "4.077551020408163"}, {"feature_key": "direction_of_motion", "feature_value": "0.45545977011494254"}, {"feature_key": "most_common_note_quarter_length", "feature_value": "0.5"}, {"feature_key": "range_note_quarter_length", "feature_value": "2.25"}, {"feature_key": "initial_time_signature", "feature_value": "[0, 0]"}, {"feature_key": "composer", "feature_value": "https://dbpedia.org/resource/Arcangelo_Corelli"}], "sources": [], "files": [{"name": "mei.xml", "url": "http://localhost:8000/media/corpora/all/composers/corelli/opus6/op6n11-01/mei.xml"}, {"name": "summary.json", "url": "http://localhost:8000/media/corpora/all/composers/corelli/opus6/op6n11-01/summary.json"}]}