{"ref": "all:composers:corelli:opus6:op6n10-02", "title": "op6n10-02", "composer": null, "features": [{"feature_key": "key_tonic_name", "feature_value": "C"}, {"feature_key": "key_mode", "feature_value": "major"}, {"feature_key": "num_of_parts", "feature_value": "7"}, {"feature_key": "num_of_measures", "feature_value": "266"}, {"feature_key": "instruments", "feature_value": "[None, None, None, None, None, None, None]"}, {"feature_key": "lowest_pitch_each_part", "feature_value": "{\"part1\": \"G3\", \"part2\": \"G3\", \"part3\": \"E2\", \"part4\": \"G3\", \"part5\": \"G3\", \"part6\": \"G3\", \"part7\": \"E2\"}"}, {"feature_key": "highest_pitch_each_part", "feature_value": "{\"part1\": \"B5\", \"part2\": \"C6\", \"part3\": \"G4\", \"part4\": \"B5\", \"part5\": \"C6\", \"part6\": \"D5\", \"part7\": \"G4\"}"}, {"feature_key": "average_melodic_interval", "feature_value": "4.683151718357083"}, {"feature_key": "direction_of_motion", "feature_value": "0.4055045871559633"}, {"feature_key": "most_common_note_quarter_length", "feature_value": "0.5"}, {"feature_key": "range_note_quarter_length", "feature_value": "1.75"}, {"feature_key": "initial_time_signature", "feature_value": "[0, 0]"}, {"feature_key": "composer", "feature_value": "https://dbpedia.org/resource/Arcangelo_Corelli"}], "sources": [], "files": [{"name": "mei.xml", "url": "http://localhost:8000/media/corpora/all/composers/corelli/opus6/op6n10-02/mei.xml"}, {"name": "summary.json", "url": "http://localhost:8000/media/corpora/all/composers/corelli/opus6/op6n10-02/summary.json"}]}