{"ref": "all:composers:corelli:opus6:op6n3-03", "title": "op6n3-03", "composer": null, "features": [{"feature_key": "key_tonic_name", "feature_value": "F"}, {"feature_key": "key_mode", "feature_value": "minor"}, {"feature_key": "num_of_parts", "feature_value": "7"}, {"feature_key": "num_of_measures", "feature_value": "119"}, {"feature_key": "instruments", "feature_value": "[None, None, None, None, None, None, None]"}, {"feature_key": "lowest_pitch_each_part", "feature_value": "{\"part1\": \"B3\", \"part2\": \"C4\", \"part3\": \"F2\", \"part4\": \"B3\", \"part5\": \"C4\", \"part6\": \"G3\", \"part7\": \"F2\"}"}, {"feature_key": "highest_pitch_each_part", "feature_value": "{\"part1\": \"A-5\", \"part2\": \"G5\", \"part3\": \"G4\", \"part4\": \"A-5\", \"part5\": \"G5\", \"part6\": \"D5\", \"part7\": \"C4\"}"}, {"feature_key": "average_melodic_interval", "feature_value": "3.581081081081081"}, {"feature_key": "direction_of_motion", "feature_value": "0.4125874125874126"}, {"feature_key": "most_common_note_quarter_length", "feature_value": "1.0"}, {"feature_key": "range_note_quarter_length", "feature_value": "3.5"}, {"feature_key": "initial_time_signature", "feature_value": "[0, 0]"}, {"feature_key": "composer", "feature_value": "https://dbpedia.org/resource/Arcangelo_Corelli"}], "sources": [], "files": [{"name": "mei.xml", "url": "http://localhost:8000/media/corpora/all/composers/corelli/opus6/op6n3-03/mei.xml"}, {"name": "summary.json", "url": "http://localhost:8000/media/corpora/all/composers/corelli/opus6/op6n3-03/summary.json"}]}