{"ref": "all:composers:corelli:opus6:op6n1-06", "title": "op6n1-06", "composer": null, "features": [{"feature_key": "key_tonic_name", "feature_value": "D"}, {"feature_key": "key_mode", "feature_value": "major"}, {"feature_key": "num_of_parts", "feature_value": "7"}, {"feature_key": "num_of_measures", "feature_value": "539"}, {"feature_key": "instruments", "feature_value": "[None, None, None, None, None, None, None]"}, {"feature_key": "lowest_pitch_each_part", "feature_value": "{\"part1\": \"A3\", \"part2\": \"A3\", \"part3\": \"D2\", \"part4\": \"C#4\", \"part5\": \"A3\", \"part6\": \"A3\", \"part7\": \"D2\"}"}, {"feature_key": "highest_pitch_each_part", "feature_value": "{\"part1\": \"D6\", \"part2\": \"A5\", \"part3\": \"F#4\", \"part4\": \"D6\", \"part5\": \"A5\", \"part6\": \"D5\", \"part7\": \"F#4\"}"}, {"feature_key": "average_melodic_interval", "feature_value": "4.114489003880983"}, {"feature_key": "direction_of_motion", "feature_value": "0.4784172661870504"}, {"feature_key": "most_common_note_quarter_length", "feature_value": "1.0"}, {"feature_key": "range_note_quarter_length", "feature_value": "3.6666666666666665"}, {"feature_key": "initial_time_signature", "feature_value": "[0, 0]"}, {"feature_key": "composer", "feature_value": "https://dbpedia.org/resource/Arcangelo_Corelli"}], "sources": [], "files": [{"name": "mei.xml", "url": "http://localhost:8000/media/corpora/all/composers/corelli/opus6/op6n1-06/mei.xml"}, {"name": "summary.json", "url": "http://localhost:8000/media/corpora/all/composers/corelli/opus6/op6n1-06/summary.json"}]}