{"ref": "all:composers:corelli:opus6:op6n6-05", "title": "op6n6-05", "composer": null, "features": [{"feature_key": "key_tonic_name", "feature_value": "D"}, {"feature_key": "key_mode", "feature_value": "minor"}, {"feature_key": "num_of_parts", "feature_value": "7"}, {"feature_key": "num_of_measures", "feature_value": "770"}, {"feature_key": "instruments", "feature_value": "[None, None, None, None, None, None, None]"}, {"feature_key": "lowest_pitch_each_part", "feature_value": "{\"part1\": \"B-3\", \"part2\": \"G3\", \"part3\": \"C2\", \"part4\": \"B-3\", \"part5\": \"G3\", \"part6\": \"A3\", \"part7\": \"C2\"}"}, {"feature_key": "highest_pitch_each_part", "feature_value": "{\"part1\": \"D6\", \"part2\": \"E-6\", \"part3\": \"G4\", \"part4\": \"D6\", \"part5\": \"E-6\", \"part6\": \"D5\", \"part7\": \"G4\"}"}, {"feature_key": "average_melodic_interval", "feature_value": "3.985996705107084"}, {"feature_key": "direction_of_motion", "feature_value": "0.4621409921671018"}, {"feature_key": "most_common_note_quarter_length", "feature_value": "1.0"}, {"feature_key": "range_note_quarter_length", "feature_value": "1.75"}, {"feature_key": "initial_time_signature", "feature_value": "[0, 0]"}, {"feature_key": "composer", "feature_value": "https://dbpedia.org/resource/Arcangelo_Corelli"}], "sources": [], "files": [{"name": "mei.xml", "url": "http://localhost:8000/media/corpora/all/composers/corelli/opus6/op6n6-05/mei.xml"}, {"name": "summary.json", "url": "http://localhost:8000/media/corpora/all/composers/corelli/opus6/op6n6-05/summary.json"}]}