{"ref": "all:composers:corelli:opus6:op6n9-06", "title": "op6n9-06", "composer": null, "features": [{"feature_key": "key_tonic_name", "feature_value": "F"}, {"feature_key": "key_mode", "feature_value": "major"}, {"feature_key": "num_of_parts", "feature_value": "7"}, {"feature_key": "num_of_measures", "feature_value": "448"}, {"feature_key": "instruments", "feature_value": "[None, None, None, None, None, None, None]"}, {"feature_key": "lowest_pitch_each_part", "feature_value": "{\"part1\": \"F4\", \"part2\": \"F4\", \"part3\": \"E2\", \"part4\": \"A4\", \"part5\": \"G#4\", \"part6\": \"A3\", \"part7\": \"E2\"}"}, {"feature_key": "highest_pitch_each_part", "feature_value": "{\"part1\": \"E6\", \"part2\": \"D6\", \"part3\": \"D4\", \"part4\": \"E6\", \"part5\": \"A5\", \"part6\": \"C5\", \"part7\": \"D4\"}"}, {"feature_key": "average_melodic_interval", "feature_value": "3.863448275862069"}, {"feature_key": "direction_of_motion", "feature_value": "0.46026986506746626"}, {"feature_key": "most_common_note_quarter_length", "feature_value": "0.5"}, {"feature_key": "range_note_quarter_length", "feature_value": "1.375"}, {"feature_key": "initial_time_signature", "feature_value": "[0, 0]"}, {"feature_key": "composer", "feature_value": "https://dbpedia.org/resource/Arcangelo_Corelli"}], "sources": [], "files": [{"name": "mei.xml", "url": "http://localhost:8000/media/corpora/all/composers/corelli/opus6/op6n9-06/mei.xml"}, {"name": "summary.json", "url": "http://localhost:8000/media/corpora/all/composers/corelli/opus6/op6n9-06/summary.json"}]}