{"ref": "all:composers:corelli:opus6:op6n2-03", "title": "op6n2-03", "composer": null, "features": [{"feature_key": "key_tonic_name", "feature_value": "F"}, {"feature_key": "key_mode", "feature_value": "major"}, {"feature_key": "num_of_parts", "feature_value": "7"}, {"feature_key": "num_of_measures", "feature_value": "126"}, {"feature_key": "instruments", "feature_value": "[None, None, None, None, None, None, None]"}, {"feature_key": "lowest_pitch_each_part", "feature_value": "{\"part1\": \"B-3\", \"part2\": \"C4\", \"part3\": \"F2\", \"part4\": \"B-3\", \"part5\": \"C4\", \"part6\": \"G3\", \"part7\": \"F2\"}"}, {"feature_key": "highest_pitch_each_part", "feature_value": "{\"part1\": \"B-5\", \"part2\": \"C6\", \"part3\": \"F4\", \"part4\": \"B-5\", \"part5\": \"C6\", \"part6\": \"D5\", \"part7\": \"F4\"}"}, {"feature_key": "average_melodic_interval", "feature_value": "3.308390022675737"}, {"feature_key": "direction_of_motion", "feature_value": "0.43896103896103894"}, {"feature_key": "most_common_note_quarter_length", "feature_value": "0.5"}, {"feature_key": "range_note_quarter_length", "feature_value": "1.5"}, {"feature_key": "initial_time_signature", "feature_value": "[0, 0]"}, {"feature_key": "composer", "feature_value": "https://dbpedia.org/resource/Arcangelo_Corelli"}], "sources": [], "files": [{"name": "mei.xml", "url": "http://localhost:8000/media/corpora/all/composers/corelli/opus6/op6n2-03/mei.xml"}, {"name": "summary.json", "url": "http://localhost:8000/media/corpora/all/composers/corelli/opus6/op6n2-03/summary.json"}]}