{"ref": "all:composers:corelli:opus6:op6n7-06", "title": "op6n7-06", "composer": null, "features": [{"feature_key": "key_tonic_name", "feature_value": "D"}, {"feature_key": "key_mode", "feature_value": "major"}, {"feature_key": "num_of_parts", "feature_value": "7"}, {"feature_key": "num_of_measures", "feature_value": "476"}, {"feature_key": "instruments", "feature_value": "[None, None, None, None, None, None, None]"}, {"feature_key": "lowest_pitch_each_part", "feature_value": "{\"part1\": \"D4\", \"part2\": \"A3\", \"part3\": \"D2\", \"part4\": \"D4\", \"part5\": \"A3\", \"part6\": \"A3\", \"part7\": \"D2\"}"}, {"feature_key": "highest_pitch_each_part", "feature_value": "{\"part1\": \"D6\", \"part2\": \"B5\", \"part3\": \"E4\", \"part4\": \"B5\", \"part5\": \"B5\", \"part6\": \"D5\", \"part7\": \"D4\"}"}, {"feature_key": "average_melodic_interval", "feature_value": "3.263541666666667"}, {"feature_key": "direction_of_motion", "feature_value": "0.46885617214043035"}, {"feature_key": "most_common_note_quarter_length", "feature_value": "0.25"}, {"feature_key": "range_note_quarter_length", "feature_value": "1.25"}, {"feature_key": "initial_time_signature", "feature_value": "[0, 0]"}, {"feature_key": "composer", "feature_value": "https://dbpedia.org/resource/Arcangelo_Corelli"}], "sources": [], "files": [{"name": "mei.xml", "url": "http://localhost:8000/media/corpora/all/composers/corelli/opus6/op6n7-06/mei.xml"}, {"name": "summary.json", "url": "http://localhost:8000/media/corpora/all/composers/corelli/opus6/op6n7-06/summary.json"}]}