{"ref": "all:composers:corelli:opus6:op6n7-04", "title": "op6n7-04", "composer": null, "features": [{"feature_key": "key_tonic_name", "feature_value": "B"}, {"feature_key": "key_mode", "feature_value": "minor"}, {"feature_key": "num_of_parts", "feature_value": "7"}, {"feature_key": "num_of_measures", "feature_value": "161"}, {"feature_key": "instruments", "feature_value": "[None, None, None, None, None, None, None]"}, {"feature_key": "lowest_pitch_each_part", "feature_value": "{\"part1\": \"B3\", \"part2\": \"A#3\", \"part3\": \"D2\", \"part4\": \"B3\", \"part5\": \"A#3\", \"part6\": \"A3\", \"part7\": \"D2\"}"}, {"feature_key": "highest_pitch_each_part", "feature_value": "{\"part1\": \"B5\", \"part2\": \"C#6\", \"part3\": \"F#4\", \"part4\": \"B5\", \"part5\": \"B5\", \"part6\": \"C#5\", \"part7\": \"C#4\"}"}, {"feature_key": "average_melodic_interval", "feature_value": "4.097150259067358"}, {"feature_key": "direction_of_motion", "feature_value": "0.4681139755766621"}, {"feature_key": "most_common_note_quarter_length", "feature_value": "0.5"}, {"feature_key": "range_note_quarter_length", "feature_value": "3.75"}, {"feature_key": "initial_time_signature", "feature_value": "[0, 0]"}, {"feature_key": "composer", "feature_value": "https://dbpedia.org/resource/Arcangelo_Corelli"}], "sources": [], "files": [{"name": "mei.xml", "url": "http://localhost:8000/media/corpora/all/composers/corelli/opus6/op6n7-04/mei.xml"}, {"name": "summary.json", "url": "http://localhost:8000/media/corpora/all/composers/corelli/opus6/op6n7-04/summary.json"}]}