{"ref": "all:composers:corelli:opus6:op6n8-04", "title": "op6n8-04", "composer": null, "features": [{"feature_key": "key_tonic_name", "feature_value": "E-"}, {"feature_key": "key_mode", "feature_value": "major"}, {"feature_key": "num_of_parts", "feature_value": "7"}, {"feature_key": "num_of_measures", "feature_value": "231"}, {"feature_key": "instruments", "feature_value": "[None, None, None, None, None, None, None]"}, {"feature_key": "lowest_pitch_each_part", "feature_value": "{\"part1\": \"A-3\", \"part2\": \"G3\", \"part3\": \"E-2\", \"part4\": \"B-3\", \"part5\": \"G3\", \"part6\": \"B-3\", \"part7\": \"E-2\"}"}, {"feature_key": "highest_pitch_each_part", "feature_value": "{\"part1\": \"B-5\", \"part2\": \"G5\", \"part3\": \"G4\", \"part4\": \"E-5\", \"part5\": \"E-5\", \"part6\": \"B-4\", \"part7\": \"C4\"}"}, {"feature_key": "average_melodic_interval", "feature_value": "3.4417098445595853"}, {"feature_key": "direction_of_motion", "feature_value": "0.48841059602649006"}, {"feature_key": "most_common_note_quarter_length", "feature_value": "0.5"}, {"feature_key": "range_note_quarter_length", "feature_value": "3.75"}, {"feature_key": "initial_time_signature", "feature_value": "[0, 0]"}, {"feature_key": "composer", "feature_value": "https://dbpedia.org/resource/Arcangelo_Corelli"}], "sources": [], "files": [{"name": "mei.xml", "url": "http://localhost:8000/media/corpora/all/composers/corelli/opus6/op6n8-04/mei.xml"}, {"name": "summary.json", "url": "http://localhost:8000/media/corpora/all/composers/corelli/opus6/op6n8-04/summary.json"}]}