{"ref": "all:composers:corelli:opus6:op6n10-03", "title": "op6n10-03", "composer": null, "features": [{"feature_key": "key_tonic_name", "feature_value": "D"}, {"feature_key": "key_mode", "feature_value": "minor"}, {"feature_key": "num_of_parts", "feature_value": "7"}, {"feature_key": "num_of_measures", "feature_value": "91"}, {"feature_key": "instruments", "feature_value": "[None, None, None, None, None, None, None]"}, {"feature_key": "lowest_pitch_each_part", "feature_value": "{\"part1\": \"D4\", \"part2\": \"G#3\", \"part3\": \"E2\", \"part4\": \"D4\", \"part5\": \"G#3\", \"part6\": \"A3\", \"part7\": \"E2\"}"}, {"feature_key": "highest_pitch_each_part", "feature_value": "{\"part1\": \"B-5\", \"part2\": \"D5\", \"part3\": \"B-3\", \"part4\": \"B-5\", \"part5\": \"D5\", \"part6\": \"C5\", \"part7\": \"B-3\"}"}, {"feature_key": "average_melodic_interval", "feature_value": "2.0779220779220777"}, {"feature_key": "direction_of_motion", "feature_value": "0.3893805309734513"}, {"feature_key": "most_common_note_quarter_length", "feature_value": "1.0"}, {"feature_key": "range_note_quarter_length", "feature_value": "2.0"}, {"feature_key": "initial_time_signature", "feature_value": "[0, 0]"}, {"feature_key": "composer", "feature_value": "https://dbpedia.org/resource/Arcangelo_Corelli"}], "sources": [], "files": [{"name": "mei.xml", "url": "http://localhost:8000/media/corpora/all/composers/corelli/opus6/op6n10-03/mei.xml"}, {"name": "summary.json", "url": "http://localhost:8000/media/corpora/all/composers/corelli/opus6/op6n10-03/summary.json"}]}