{"ref": "all:composers:corelli:opus6:op6n11-04", "title": "op6n11-04", "composer": null, "features": [{"feature_key": "key_tonic_name", "feature_value": "G"}, {"feature_key": "key_mode", "feature_value": "minor"}, {"feature_key": "num_of_parts", "feature_value": "7"}, {"feature_key": "num_of_measures", "feature_value": "105"}, {"feature_key": "instruments", "feature_value": "[None, None, None, None, None, None, None]"}, {"feature_key": "lowest_pitch_each_part", "feature_value": "{\"part1\": \"D4\", \"part2\": \"D4\", \"part3\": \"D2\", \"part4\": \"D4\", \"part5\": \"D4\", \"part6\": \"A3\", \"part7\": \"D2\"}"}, {"feature_key": "highest_pitch_each_part", "feature_value": "{\"part1\": \"B-5\", \"part2\": \"B-5\", \"part3\": \"E-4\", \"part4\": \"B-5\", \"part5\": \"B-5\", \"part6\": \"E-5\", \"part7\": \"E-4\"}"}, {"feature_key": "average_melodic_interval", "feature_value": "3.3704379562043796"}, {"feature_key": "direction_of_motion", "feature_value": "0.45930232558139533"}, {"feature_key": "most_common_note_quarter_length", "feature_value": "0.5"}, {"feature_key": "range_note_quarter_length", "feature_value": "2.375"}, {"feature_key": "initial_time_signature", "feature_value": "[0, 0]"}, {"feature_key": "composer", "feature_value": "https://dbpedia.org/resource/Arcangelo_Corelli"}], "sources": [], "files": [{"name": "mei.xml", "url": "http://localhost:8000/media/corpora/all/composers/corelli/opus6/op6n11-04/mei.xml"}, {"name": "summary.json", "url": "http://localhost:8000/media/corpora/all/composers/corelli/opus6/op6n11-04/summary.json"}]}