{"ref": "all:composers:corelli:opus1:op_1_3_ 3", "title": "III. Adagio", "composer": "Corelli, Arcangelo", "features": [{"feature_key": "key_tonic_name", "feature_value": "A"}, {"feature_key": "key_mode", "feature_value": "major"}, {"feature_key": "num_of_parts", "feature_value": "3"}, {"feature_key": "num_of_measures", "feature_value": "108"}, {"feature_key": "instruments", "feature_value": "[None]"}, {"feature_key": "lowest_pitch_each_part", "feature_value": "{\"part1\": \"E4\", \"part2\": \"E4\", \"part3\": \"F#2\"}"}, {"feature_key": "highest_pitch_each_part", "feature_value": "{\"part1\": \"C#6\", \"part2\": \"A5\", \"part3\": \"A3\"}"}, {"feature_key": "average_melodic_interval", "feature_value": "2.576923076923077"}, {"feature_key": "direction_of_motion", "feature_value": "0.43137254901960786"}, {"feature_key": "most_common_note_quarter_length", "feature_value": "4.0"}, {"feature_key": "range_note_quarter_length", "feature_value": "5.0"}, {"feature_key": "initial_time_signature", "feature_value": "[3, 2]"}, {"feature_key": "composer", "feature_value": "https://dbpedia.org/resource/Arcangelo_Corelli"}], "sources": [], "files": [{"name": "mei.xml", "url": "http://localhost:8000/media/corpora/all/composers/corelli/opus1/op_1_3_%203/mei.xml"}, {"name": "summary.json", "url": "http://localhost:8000/media/corpora/all/composers/corelli/opus1/op_1_3_%203/summary.json"}]}